IP Address,Timestamp,Packet Loss,Min RTT,Ave RTT,Max RTT,Bandwidth,Packet Delay Variation
192.168.0.2,2017-02-13 00:00:53.472253,0.0,1.743316650390625,3.2824230194091797,37.14394569396973,0.019497791607469197,0.0009182167053222657
192.168.0.1,2017-02-13 00:01:42.565087,0.0,2.100706100463867,5.162205696105957,62.273502349853516,0.01239780120506968,0.0016421604156494141
192.168.0.7,2017-02-13 00:02:31.743007,0.0,35.40754318237305,89.0719747543335,193.06015968322754,0.0007185200527608859,-0.004695205688476562
192.168.0.2,2017-02-13 00:05:53.446621,0.0,1.6160011291503906,2.5241899490356445,12.44211196899414,0.025354668742124938,0.0016066360473632813
192.168.0.1,2017-02-13 00:06:42.593956,0.0,2.118825912475586,6.391773223876953,93.54496002197266,0.010012870882359085,0.007142887115478515
192.168.0.7,2017-02-13 00:07:31.777703,0.0,18.505334854125977,87.78283596038818,135.70761680603027,0.0007290719113800317,-0.004649429321289062
192.168.0.2,2017-02-13 00:10:52.944198,0.0,1.7061233520507812,3.519144058227539,49.29232597351074,0.01818624044400001,0.004183578491210938
192.168.0.1,2017-02-13 00:11:42.037818,0.0,2.167224884033203,5.99247932434082,96.58336639404297,0.010680053536445046,0.0010463428497314454
192.168.0.7,2017-02-13 00:12:31.173443,0.0,25.516510009765625,89.83154296875,139.55998420715332,0.0007124446256284822,0.0025275039672851564
192.168.0.2,2017-02-13 00:15:52.887614,0.0,1.7209053039550781,3.2158899307250977,26.63588523864746,0.01990117864064138,0.0009119796752929687
192.168.0.1,2017-02-13 00:16:42.059985,0.0,2.0389556884765625,27.441468238830566,1081.2642574310303,0.002332236724470811,0.04910508155822754
192.168.0.7,2017-02-13 00:19:34.420164,0.0,3.1609535217285156,148.30942630767822,3003.366708755493,0.0004315302242975949,0.13042824745178222
192.168.0.2,2017-02-13 00:20:53.121452,0.0,1.6837120056152344,3.8660621643066406,74.07450675964355,0.01655431218640999,-0.0006959152221679688
192.168.0.1,2017-02-13 00:21:42.276360,0.0,2.1152496337890625,26.283445358276367,1064.586877822876,0.0024349927921396767,-0.033723306655883786
192.168.0.2,2017-02-13 00:25:53.116246,0.0,1.7054080963134766,2.3430776596069336,5.620718002319336,0.027314502247755806,0.0016785430908203124
192.168.0.1,2017-02-13 00:26:42.207730,0.0,2.1233558654785156,6.046772003173828,105.91626167297363,0.010584159608863655,0.004101343154907226
192.168.0.2,2017-02-13 00:30:52.928255,0.0,1.7125606536865234,3.545699119567871,65.25111198425293,0.018050036915653447,0.004246807098388672
192.168.0.1,2017-02-13 00:31:42.020120,0.0,2.128124237060547,7.6099395751953125,119.92883682250977,0.008410053636773773,0.0087603759765625
192.168.0.1,2017-02-13 00:35:52.919697,0.0,1.8475055694580078,4.6265411376953125,62.60275840759277,0.013833228343859765,-0.0020085716247558593
192.168.0.2,2017-02-13 00:36:42.007845,0.0,1.7178058624267578,2.717580795288086,13.08751106262207,0.023550357770767024,0.0012881183624267579
192.168.0.2,2017-02-13 00:40:53.180020,0.0,1.6717910766601562,2.7805137634277344,12.71510124206543,0.023017328970565035,0.0015591716766357423
192.168.0.4,2017-02-13 00:41:41.267797,100.0,999999999,0.0,0,0.0,0.0
192.168.0.1,2017-02-13 00:41:42.269915,0.0,2.084970474243164,5.35700798034668,92.41986274719238,0.011946967455489628,0.0071156883239746095
192.168.0.2,2017-02-13 00:45:53.170338,0.0,1.6028881072998047,2.1782541275024414,5.431652069091797,0.0293813284648204,0.0015608787536621094
192.168.0.1,2017-02-13 00:46:42.278657,0.0,2.1486282348632812,6.187305450439453,86.8537425994873,0.010343759575576539,0.0072146797180175784
192.168.0.2,2017-02-13 00:50:53.016429,0.0,1.6493797302246094,2.244749069213867,5.256175994873047,0.028510981863292817,0.0016452121734619142
192.168.0.1,2017-02-13 00:51:42.113620,0.0,2.096891403198242,7.215423583984375,126.91617012023926,0.008869888129930002,0.008825950622558594
192.168.0.2,2017-02-13 00:55:52.823073,0.0,1.7549991607666016,3.1969499588012695,18.610239028930664,0.020019080944262725,0.0012996387481689453
192.168.0.1,2017-02-13 00:56:41.979805,0.0,2.1276473999023438,25.213370323181152,1064.903736114502,0.0025383357789798716,0.04660225868225098
192.168.0.2,2017-02-13 01:00:52.683614,0.0,1.7650127410888672,2.310957908630371,5.63812255859375,0.027694143524202353,0.0021010398864746093
192.168.0.1,2017-02-13 01:01:41.771218,0.0,2.1219253540039062,8.288049697875977,112.52093315124512,0.007721961418305881,0.008240594863891601
192.168.0.2,2017-02-13 01:05:52.687070,0.0,1.7170906066894531,3.1030750274658203,24.128198623657227,0.020624702733103656,0.0008541679382324218
192.168.0.1,2017-02-13 01:06:41.778255,0.0,2.0313262939453125,6.140427589416504,92.44704246520996,0.0104227269303377,0.007041559219360351
192.168.0.2,2017-02-13 01:10:53.028318,0.0,1.5723705291748047,2.3618078231811523,7.614374160766602,0.027097886361387987,0.0015311717987060546
192.168.0.1,2017-02-13 01:11:42.116279,0.0,1.7418861389160156,5.349178314208984,71.00343704223633,0.011964454396668224,0.0011136245727539063
192.168.0.1,2017-02-13 01:15:52.824775,0.0,2.1338462829589844,3.3725404739379883,25.86960792541504,0.018976792271159792,0.0008761024475097656
192.168.0.2,2017-02-13 01:16:41.906095,0.0,1.5788078308105469,2.1732330322265625,6.656169891357422,0.02944921186589433,0.001390380859375
192.168.0.2,2017-02-13 01:20:53.630180,0.0,1.3363361358642578,3.513789176940918,50.17352104187012,0.01821395558390273,0.0008165168762207031
192.168.0.1,2017-02-13 01:21:42.719502,0.0,2.0008087158203125,6.234636306762695,100.68273544311523,0.010265233904755495,-0.0027616405487060547
192.168.0.2,2017-02-13 01:25:52.816108,0.0,1.6789436340332031,2.8319692611694336,14.412403106689453,0.022599115349709636,0.0007341194152832031
192.168.0.1,2017-02-13 01:26:41.914484,0.0,1.8906593322753906,5.870375633239746,102.95319557189941,0.010902198427918938,0.007778291702270508
192.168.0.2,2017-02-13 01:30:53.621860,0.0,1.6579627990722656,3.637228012084961,56.217193603515625,0.017595817415722973,-0.0009081745147705078
192.168.0.4,2017-02-13 01:31:41.707621,100.0,999999999,0.0,0,0.0,0.0
192.168.0.1,2017-02-13 01:31:42.709371,0.0,1.8777847290039062,6.067395210266113,98.2356071472168,0.010548183822229208,0.00637324333190918
192.168.0.2,2017-02-13 01:35:53.424256,0.0,1.743316650390625,2.5758743286132812,8.236169815063477,0.024845932617549055,0.0014826488494873048
192.168.0.1,2017-02-13 01:36:42.508954,0.0,1.9414424896240234,6.559014320373535,125.93817710876465,0.009757563693862343,0.003581647872924805
192.168.0.2,2017-02-13 01:40:52.675508,0.0,1.405477523803711,2.511734962463379,9.00888442993164,0.025480395406540877,0.0012601566314697265
192.168.0.1,2017-02-13 01:41:41.768153,0.0,2.101898193359375,6.481609344482422,89.62130546569824,0.009874090923804452,0.006673097610473633
192.168.0.2,2017-02-13 01:45:53.471237,0.0,1.7299652099609375,2.105698585510254,3.8824081420898438,0.030393713725410273,0.0017532920837402344
192.168.0.1,2017-02-13 01:46:42.598598,0.0,2.094745635986328,6.057543754577637,75.52027702331543,0.010565338459443354,-0.0010330772399902344
192.168.0.2,2017-02-13 01:50:53.458623,0.0,1.598358154296875,3.0757856369018555,51.117897033691406,0.02080769193800685,-0.0007098579406738282
192.168.0.1,2017-02-13 01:51:42.548238,0.0,2.1126270294189453,5.162816047668457,94.12980079650879,0.012396335528728085,0.0039027595520019533
192.168.0.2,2017-02-13 01:55:53.256288,0.0,1.4891624450683594,2.9120826721191406,23.20384979248047,0.021977398036377452,0.0025579261779785155
192.168.0.1,2017-02-13 01:56:42.347573,0.0,2.156496047973633,6.294918060302734,102.80227661132812,0.010166931386065114,0.0004988861083984375
192.168.0.2,2017-02-13 02:00:53.070979,0.0,1.5821456909179688,2.3325681686401367,4.171133041381836,0.02743756896816068,0.0017873287200927735
192.168.0.1,2017-02-13 02:01:42.162161,0.0,2.091646194458008,7.62296199798584,141.4163112640381,0.008395686613275818,0.011128311157226562
192.168.0.2,2017-02-13 02:05:53.062766,0.0,1.4495849609375,2.3505163192749023,5.916833877563477,0.02722806026709187,0.0017406177520751954
192.168.0.1,2017-02-13 02:06:42.150892,0.0,2.1076202392578125,6.629552841186523,110.98194122314453,0.00965374310049931,-0.005662736892700196
192.168.0.2,2017-02-13 02:10:53.324264,0.0,1.758575439453125,3.091139793395996,27.467012405395508,0.02070433700110604,0.0005131912231445313
192.168.0.1,2017-02-13 02:11:42.414518,0.0,2.1200180053710938,5.823707580566406,94.21205520629883,0.01098956276815249,0.000139617919921875
192.168.0.2,2017-02-13 02:15:53.129126,0.0,1.703500747680664,2.9374170303344727,13.017892837524414,0.021787849440197658,0.0029310321807861327
192.168.0.1,2017-02-13 02:16:42.214485,0.0,2.0918846130371094,5.24716854095459,87.51058578491211,0.012197054373320514,0.0061285400390625
192.168.0.2,2017-02-13 02:20:52.943501,0.0,1.4607906341552734,4.0161943435668945,49.20315742492676,0.01593548382500828,0.005303487777709961
192.168.0.1,2017-02-13 02:21:42.034639,0.0,1.9516944885253906,6.028628349304199,100.04472732543945,0.010616013509505298,0.007104072570800781
192.168.0.2,2017-02-13 02:25:52.739507,0.0,1.7468929290771484,3.0846357345581055,25.778770446777344,0.020747992796357986,0.000673370361328125
192.168.0.1,2017-02-13 02:26:41.831241,0.0,2.140045166015625,6.81248664855957,111.28044128417969,0.009394513824629974,-0.0001275634765625
192.168.0.2,2017-02-13 02:30:53.539850,0.0,1.558065414428711,3.4148168563842773,30.26580810546875,0.018741854304820713,0.002942924499511719
192.168.0.1,2017-02-13 02:31:42.636267,0.0,2.134084701538086,7.622861862182617,114.95661735534668,0.008395796901096564,-0.002707672119140625
192.168.0.2,2017-02-13 02:35:53.548799,0.0,1.708984375,2.6187610626220703,14.782428741455078,0.02443903757142285,0.0012575531005859376
192.168.0.1,2017-02-13 02:36:42.679215,0.0,2.1419525146484375,6.15330696105957,88.03081512451172,0.010400911315657737,-0.0013988685607910156
192.168.0.2,2017-02-13 02:40:52.834471,0.0,1.7087459564208984,3.52142333984375,49.54099655151367,0.018174469191437732,0.0002640342712402344
192.168.0.1,2017-02-13 02:41:41.923574,0.0,2.229452133178711,5.437583923339844,93.56021881103516,0.011769933283289956,0.00631749153137207
192.168.0.2,2017-02-13 02:45:52.672329,0.0,1.6241073608398438,2.9740524291992188,36.609649658203125,0.0215194592306607,0.002701225280761719
192.168.0.1,2017-02-13 02:46:41.760957,0.0,1.9826889038085938,7.100667953491211,134.6302032470703,0.009013236560165144,0.010105218887329102
192.168.0.2,2017-02-13 02:50:52.680691,0.0,1.8193721771240234,2.4307727813720703,6.828546524047852,0.026329075465405968,0.0017775344848632814
192.168.0.1,2017-02-13 02:51:41.769119,0.0,2.067089080810547,7.3496294021606445,115.6158447265625,0.008707922059469459,0.0021487903594970704
192.168.0.2,2017-02-13 02:55:53.456907,0.0,1.2996196746826172,2.2156572341918945,4.652261734008789,0.02888533434339739,0.001604604721069336
192.168.0.1,2017-02-13 02:56:42.594791,0.0,2.116680145263672,6.3747453689575195,66.86282157897949,0.010039616689892368,0.0038820171356201173
192.168.0.1,2017-02-13 03:00:53.303105,0.0,2.0635128021240234,4.713096618652344,58.5787296295166,0.013579182685692548,0.0014352989196777344
192.168.0.2,2017-02-13 03:01:42.395861,0.0,1.3768672943115234,2.2474050521850586,4.914045333862305,0.02847728758897977,0.0017352294921875
192.168.0.2,2017-02-13 03:05:53.287954,0.0,1.5063285827636719,2.092466354370117,4.022359848022461,0.030585915929465708,0.0015086936950683594
192.168.0.1,2017-02-13 03:06:42.375142,0.0,2.129077911376953,5.553684234619141,99.82156753540039,0.011523881678589705,-0.0037235260009765626
192.168.0.1,2017-02-13 03:10:53.539121,0.0,1.9690990447998047,5.01070499420166,86.89475059509277,0.01277265376310523,0.005957269668579101
192.168.0.2,2017-02-13 03:11:42.629725,0.0,1.7426013946533203,2.3541688919067383,6.220102310180664,0.027185815010988344,0.0017002010345458984
192.168.0.2,2017-02-13 03:15:53.338672,0.0,1.7137527465820312,2.4248266220092773,8.410930633544922,0.026393639619053614,0.0021109867095947268
192.168.0.1,2017-02-13 03:16:42.429924,0.0,2.09808349609375,6.668391227722168,116.19091033935547,0.009597517274321881,-0.004302530288696289
192.168.0.2,2017-02-13 03:20:53.250302,0.0,1.5904903411865234,3.875398635864258,52.373409271240234,0.01651443013054766,0.00018255233764648436
192.168.0.1,2017-02-13 03:21:42.341263,0.0,2.147674560546875,6.105566024780273,84.61546897888184,0.0104822386229626,-0.0029123973846435546
192.168.0.1,2017-02-13 03:25:53.049208,0.0,2.046346664428711,5.01039981842041,91.38846397399902,0.01277343172588905,-0.0011685943603515624
192.168.0.2,2017-02-13 03:26:42.140139,0.0,1.64031982421875,2.774338722229004,9.460926055908203,0.023068560261661233,0.0019191646575927735
192.168.0.2,2017-02-13 03:30:52.998937,0.0,1.7571449279785156,2.546529769897461,7.157087326049805,0.025132241042906418,0.0017250633239746093
192.168.0.1,2017-02-13 03:31:42.089623,0.0,2.130270004272461,6.154274940490723,98.1438159942627,0.010399275401059161,0.0003327846527099609
192.168.0.2,2017-02-13 03:35:52.800034,0.0,1.748800277709961,2.4558210372924805,6.30640983581543,0.02606053088891176,0.0021363258361816405
192.168.0.1,2017-02-13 03:36:41.890313,0.0,2.1076202392578125,4.734616279602051,76.45463943481445,0.013517462920010756,-0.0021738815307617188
192.168.0.2,2017-02-13 03:40:53.263304,0.0,1.764059066772461,3.346223831176758,39.82901573181152,0.019126036759320217,0.0003766918182373047
192.168.0.1,2017-02-13 03:41:42.352505,0.0,2.115964889526367,4.839615821838379,81.76708221435547,0.013224190174601283,0.005623683929443359
192.168.0.2,2017-02-13 03:45:53.255490,0.0,1.7235279083251953,2.2884082794189453,4.794836044311523,0.0279670374275391,0.0013310623168945313
192.168.0.4,2017-02-13 03:46:41.339480,100.0,999999999,0.0,0,0.0,0.0
192.168.0.1,2017-02-13 03:46:42.341241,0.0,1.8842220306396484,4.763984680175781,71.11430168151855,0.013434132201625495,0.005004730224609375
192.168.0.1,2017-02-13 03:50:53.049882,0.0,2.1445751190185547,3.8991498947143555,31.554222106933594,0.016413834227496024,0.003171491622924805
192.168.0.2,2017-02-13 03:51:42.136169,0.0,1.2636184692382812,2.4271297454833984,7.956266403198242,0.02636859447629301,0.0018688392639160155
192.168.0.2,2017-02-13 03:55:52.891080,0.0,1.743316650390625,2.58115291595459,13.980627059936523,0.024795121437557615,0.0014641952514648437
192.168.0.1,2017-02-13 03:56:41.980184,0.0,1.9865036010742188,8.080391883850098,125.36215782165527,0.00792040793564899,0.0005658531188964844
192.168.0.2,2017-02-13 04:00:52.807080,0.0,1.1441707611083984,2.579503059387207,7.988214492797852,0.024810980458850083,0.0017853832244873046
192.168.0.1,2017-02-13 04:01:41.896372,0.0,2.124309539794922,5.6369829177856445,111.16671562194824,0.011353591262103894,0.004351139068603516
192.168.0.2,2017-02-13 04:05:53.574904,0.0,1.5659332275390625,2.914876937866211,16.54982566833496,0.021956330014690148,0.0015737056732177735
192.168.0.1,2017-02-13 04:06:42.664524,0.0,2.059459686279297,6.046962738037109,72.13544845581055,0.010583825760562713,0.0003530120849609375
192.168.0.2,2017-02-13 04:10:52.842729,0.0,1.6705989837646484,3.5894775390625,42.53053665161133,0.017829892875361332,-0.0006711578369140625
192.168.0.1,2017-02-13 04:11:41.930733,0.0,2.1495819091796875,7.572202682495117,96.32205963134766,0.008451966050506106,0.010185089111328125
192.168.0.2,2017-02-13 04:15:52.640181,0.0,1.7123222351074219,2.5000476837158203,14.125347137451172,0.02559951172806305,0.0027369022369384765
192.168.0.1,2017-02-13 04:16:41.728147,0.0,2.007722854614258,4.740147590637207,74.57780838012695,0.013501689298960548,0.005308074951171875
192.168.0.2,2017-02-13 04:20:52.662755,0.0,1.6713142395019531,2.4249267578125,10.498523712158203,0.026392549710546186,0.0021990203857421876
192.168.0.1,2017-02-13 04:21:41.751592,0.0,1.9221305847167969,7.630462646484375,120.76449394226074,0.008387433759273703,-0.0009508132934570312
192.168.0.1,2017-02-13 04:25:53.480142,0.0,2.1295547485351562,4.740614891052246,73.31514358520508,0.013500358386165872,0.005695037841796875
192.168.0.4,2017-02-13 04:26:40.567168,100.0,999999999,0.0,0,0.0,0.0
192.168.0.2,2017-02-13 04:26:42.597711,0.0,1.7175674438476562,3.6297178268432617,28.90610694885254,0.017632224611702205,0.003714790344238281
192.168.0.2,2017-02-13 04:30:53.276168,0.0,1.4379024505615234,2.8887367248535156,24.191856384277344,0.022155013106376235,0.0009061717987060547
192.168.0.1,2017-02-13 04:31:42.473681,0.0,2.105712890625,26.728715896606445,1114.9163246154785,0.0023944285332512224,-0.036942729949951174
192.168.0.2,2017-02-13 04:35:53.332018,0.0,1.7251968383789062,2.426142692565918,6.391763687133789,0.026379322286403866,0.0013428878784179686
192.168.0.1,2017-02-13 04:36:42.420006,0.0,2.1076202392578125,6.2722015380859375,114.32027816772461,0.010203753755580153,-0.004434938430786133
192.168.0.2,2017-02-13 04:40:53.591864,0.0,1.692056655883789,3.0034446716308594,27.60601043701172,0.021308865984619,0.0007121372222900391
192.168.0.1,2017-02-13 04:41:42.682049,0.0,1.9135475158691406,6.951460838317871,93.6441421508789,0.0092066979140872,-0.00258514404296875
192.168.0.1,2017-02-13 04:45:53.396498,0.0,2.093791961669922,4.4228410720825195,70.03498077392578,0.014470336816752324,0.0050394821166992185
192.168.0.2,2017-02-13 04:46:42.485859,0.0,1.420736312866211,2.161893844604492,5.31768798828125,0.029603673723262062,0.0017121028900146484
192.168.0.1,2017-02-13 04:50:53.244247,0.0,1.9037723541259766,7.303380966186523,122.27058410644531,0.008763064708839603,0.0008525753021240234
192.168.0.2,2017-02-13 04:51:42.339888,0.0,1.3670921325683594,2.694230079650879,14.587640762329102,0.023754467179096,0.0013655948638916016
192.168.0.2,2017-02-13 04:55:53.042923,0.0,1.7614364624023438,2.855863571166992,17.982006072998047,0.022410034094817656,0.002216939926147461
192.168.0.1,2017-02-13 04:56:42.141456,0.0,1.847982406616211,6.39216423034668,105.59391975402832,0.010012258398518799,0.008503732681274414
192.168.0.2,2017-02-13 05:00:52.848259,0.0,1.7886161804199219,11.843643188476562,419.7230339050293,0.005403742664442111,0.020803470611572266
192.168.0.1,2017-02-13 05:01:41.938540,0.0,2.079486846923828,5.67225456237793,63.414573669433594,0.011282991497682332,0.0036985969543457033
192.168.0.2,2017-02-13 05:05:52.652009,0.0,1.4734268188476562,2.5336265563964844,12.910842895507812,0.025260234125042347,0.0015359306335449218
192.168.0.1,2017-02-13 05:06:41.743781,0.0,1.8603801727294922,5.2918243408203125,83.07933807373047,0.01209412782399331,0.0001313495635986328
192.168.0.1,2017-02-13 05:10:52.920295,0.0,2.1190643310546875,5.702939033508301,106.20403289794922,0.011222283742463375,0.0059368515014648435
192.168.0.2,2017-02-13 05:11:42.011859,0.0,1.718282699584961,2.6013660430908203,9.660005569458008,0.024602458454465802,0.0020151424407958986
192.168.0.2,2017-02-13 05:15:52.919343,0.0,1.4939308166503906,2.337508201599121,8.90803337097168,0.02737958307749112,0.0021088123321533203
192.168.0.1,2017-02-13 05:16:42.010940,0.0,2.0761489868164062,6.011629104614258,109.79866981506348,0.010646032695343175,0.008367176055908204
192.168.0.2,2017-02-13 05:20:52.948191,0.0,1.6982555389404297,3.1960296630859375,45.17984390258789,0.020024845432193072,0.0034285449981689455
192.168.0.1,2017-02-13 05:21:42.043861,0.0,1.9979476928710938,6.493539810180664,117.31600761413574,0.0098559494314118,0.00845738410949707
192.168.0.2,2017-02-13 05:25:52.745625,0.0,1.6591548919677734,2.2324037551879883,4.090070724487305,0.02866864914165611,0.0017757225036621094
192.168.0.1,2017-02-13 05:26:41.839532,0.0,2.06756591796875,7.91560173034668,160.19248962402344,0.00808529814665107,0.009772415161132813
192.168.0.2,2017-02-13 05:30:53.554004,0.0,1.7085075378417969,3.924117088317871,65.62972068786621,0.016309401212957823,-0.0005231189727783203
192.168.0.1,2017-02-13 05:31:42.630629,0.0,1.9173622131347656,4.942150115966797,69.70071792602539,0.012949829223768965,-0.0016329193115234375
192.168.0.2,2017-02-13 05:35:53.333990,0.0,1.7745494842529297,2.7171850204467773,21.3165283203125,0.023553788026358508,0.0011982440948486329
192.168.0.1,2017-02-13 05:36:42.415806,0.0,2.1271705627441406,7.119851112365723,121.73652648925781,0.008988952014578664,-0.004962625503540039
192.168.0.2,2017-02-13 05:40:52.804028,0.0,1.5492439270019531,3.2691478729248047,18.1734561920166,0.019576966991933956,0.0013463306427001953
192.168.0.1,2017-02-13 05:41:41.893513,0.0,2.093791961669922,5.554723739624023,91.43781661987305,0.011521725111811213,0.006273288726806641
192.168.0.2,2017-02-13 05:45:53.598708,0.0,1.3117790222167969,3.0042314529418945,21.406173706054688,0.02130328538346404,0.0017756080627441405
192.168.0.1,2017-02-13 05:46:42.689580,0.0,2.0380020141601562,6.902756690979004,128.39460372924805,0.009271658101992729,-0.005710153579711914
192.168.0.2,2017-02-13 05:50:53.469803,0.0,1.6565322875976562,3.0971479415893555,36.67020797729492,0.02066417271858098,0.0005751991271972656
192.168.0.1,2017-02-13 05:51:42.558729,0.0,2.0837783813476562,6.088471412658691,110.88752746582031,0.010511669623172742,0.00531341552734375
192.168.0.2,2017-02-13 05:55:53.266485,0.0,1.7080307006835938,2.234225273132324,4.505634307861328,0.028645276181248146,0.001487607955932617
192.168.0.4,2017-02-13 05:56:40.351471,100.0,999999999,0.0,0,0.0,0.0
192.168.0.1,2017-02-13 05:56:42.355083,0.0,2.1560192108154297,6.45843505859375,120.64862251281738,0.009909521334404385,-0.0059874534606933595
192.168.0.2,2017-02-13 06:00:53.066951,0.0,1.4274120330810547,2.264885902404785,8.743047714233398,0.028257494089237254,0.0019774246215820313
192.168.0.1,2017-02-13 06:01:42.158662,0.0,2.0461082458496094,6.467928886413574,121.54746055603027,0.009894975829811203,0.003685760498046875
192.168.0.2,2017-02-13 06:05:52.868932,0.0,1.7023086547851562,2.502608299255371,19.949674606323242,0.02557331885259177,0.0011002826690673828
192.168.0.4,2017-02-13 06:06:40.957828,100.0,999999999,0.0,0,0.0,0.0
192.168.0.1,2017-02-13 06:06:41.959816,0.0,1.9810199737548828,5.604238510131836,97.80645370483398,0.011419927949942737,0.007365131378173828
192.168.0.2,2017-02-13 06:10:53.128941,0.0,1.2507438659667969,3.773970603942871,76.3089656829834,0.016958266694800363,-0.001225423812866211
192.168.0.1,2017-02-13 06:11:42.216471,0.0,2.1719932556152344,5.857830047607422,107.4063777923584,0.010925547426241945,-0.004776191711425781
192.168.0.2,2017-02-13 06:15:53.135561,0.0,1.4286041259765625,2.205519676208496,6.078243255615234,0.029018104300036106,0.0018979358673095704
192.168.0.1,2017-02-13 06:16:42.279356,0.0,2.101898193359375,6.051139831542969,83.27937126159668,0.010576519760192148,1.4257431030273437e-05
192.168.0.2,2017-02-13 06:20:53.170076,0.0,1.7459392547607422,2.9369020462036133,25.50792694091797,0.02179166992740858,0.000785980224609375
192.168.0.1,2017-02-13 06:21:42.259278,0.0,1.9135475158691406,5.37994384765625,105.80921173095703,0.011896034942424414,0.004451026916503906
192.168.0.2,2017-02-13 06:25:52.992021,0.0,1.6930103302001953,2.4088048934936523,9.797096252441406,0.026569192122146715,0.001414947509765625
192.168.0.1,2017-02-13 06:26:42.080040,0.0,2.099275588989258,6.511063575744629,113.26742172241211,0.009829423297050317,0.00941915512084961
192.168.0.2,2017-02-13 06:30:53.010325,0.0,1.7590522766113281,2.1924781799316406,5.634546279907227,0.029190712402891717,0.001887502670288086
192.168.0.1,2017-02-13 06:31:42.180291,0.0,1.8608570098876953,26.6281795501709,1084.517478942871,0.002403468846956504,-0.04243594169616699
192.168.0.2,2017-02-13 06:35:52.882789,0.0,1.7116069793701172,2.361140251159668,7.810831069946289,0.027105547825279148,0.0016855335235595704
192.168.0.1,2017-02-13 06:36:41.969916,0.0,1.7762184143066406,6.589937210083008,120.55158615112305,0.009711776904653368,-0.006296358108520508
192.168.0.2,2017-02-13 06:40:53.173194,0.0,1.7156600952148438,3.678250312805176,26.30615234375,0.0173995771242635,0.00011599540710449218
192.168.0.1,2017-02-13 06:41:42.260288,0.0,2.1343231201171875,6.7658281326293945,119.57335472106934,0.009459300287476822,-0.006326198577880859
192.168.0.1,2017-02-13 06:45:52.988019,0.0,2.1114349365234375,5.218844413757324,99.6706485748291,0.01226325119624001,0.006877765655517578
192.168.0.2,2017-02-13 06:46:42.072284,0.0,1.7037391662597656,2.629876136779785,23.731708526611328,0.024335746883640815,0.0008581066131591797
192.168.0.8,2017-02-13 06:50:03.682474,100.0,999999999,0.0,0,0.0,0.0
192.168.0.2,2017-02-13 06:50:52.767728,0.0,1.6374588012695312,3.144841194152832,15.824079513549805,0.02035078913332555,0.0020992565155029297
192.168.0.1,2017-02-13 06:51:41.852567,0.0,1.888275146484375,4.978809356689453,78.91297340393066,0.012854478935613506,-0.003086280822753906
192.168.0.2,2017-02-13 06:55:52.774571,0.0,1.7254352569580078,2.8029394149780273,20.391225814819336,0.022833172796388003,0.001937551498413086
192.168.0.1,2017-02-13 06:56:41.865892,0.0,2.0821094512939453,6.463122367858887,108.79182815551758,0.009902334561739393,0.0004273033142089844
192.168.0.2,2017-02-13 07:00:53.504361,0.0,1.4197826385498047,3.9423608779907227,67.7800178527832,0.016233927329508825,0.004032487869262695
192.168.0.1,2017-02-13 07:01:42.592819,0.0,2.0465850830078125,7.9399824142456055,129.75215911865234,0.008060471253081581,-0.004178285598754883
192.168.0.2,2017-02-13 07:05:53.353798,0.0,1.699209213256836,2.403292655944824,7.655620574951172,0.026630131724360972,0.00159759521484375
192.168.0.1,2017-02-13 07:06:42.437955,0.0,2.0439624786376953,6.422123908996582,110.38923263549805,0.009965550479389554,-0.005575199127197266
192.168.0.2,2017-02-13 07:10:53.616211,0.0,1.6431808471679688,3.975381851196289,63.16399574279785,0.016099082401541086,-0.0001801109313964844
192.168.0.1,2017-02-13 07:11:42.707365,0.0,2.054929733276367,5.553083419799805,86.78317070007324,0.011525128502807054,-0.0030863285064697266
192.168.0.2,2017-02-13 07:15:53.419363,0.0,1.710653305053711,2.813844680786133,25.081634521484375,0.022744681125086003,0.0012409496307373047
192.168.0.1,2017-02-13 07:16:42.557916,0.0,1.9161701202392578,7.433433532714844,114.30001258850098,0.008609749413690644,-0.0030339527130126952
192.168.0.1,2017-02-13 07:20:54.491121,0.0,2.01416015625,28.52715492248535,1066.3697719573975,0.0022434764410927863,0.044548330307006834
192.168.0.2,2017-02-13 07:21:43.579287,0.0,1.758575439453125,2.259945869445801,4.724025726318359,0.028319262361666438,0.001695728302001953
192.168.0.7,2017-02-13 07:22:32.750658,0.0,2.9468536376953125,73.9078950881958,142.02499389648438,0.0008659426699086409,0.010944461822509766
192.168.0.2,2017-02-13 07:25:53.469162,0.0,1.161813735961914,2.707533836364746,14.520883560180664,0.023637747067245966,0.0014409351348876954
192.168.0.4,2017-02-13 07:26:01.487171,100.0,999999999,0.0,0,0.0,0.0
192.168.0.1,2017-02-13 07:26:42.597862,0.0,2.0418167114257812,5.981173515319824,82.87978172302246,0.010700241321552399,-0.0011303997039794921
192.168.0.7,2017-02-13 07:27:31.760446,0.0,2.900362014770508,80.73338508605957,142.64917373657227,0.0007927327701145909,0.006650266647338868
192.168.0.2,2017-02-13 07:30:53.487916,0.0,1.752614974975586,3.0242538452148438,25.734424591064453,0.021162244730634848,0.0014735031127929687
192.168.0.1,2017-02-13 07:31:42.578798,0.0,2.1016597747802734,6.871166229248047,99.4577407836914,0.00931428492117908,-0.0040252685546875
192.168.0.7,2017-02-13 07:32:31.794965,0.0,2.956867218017578,86.44993782043457,138.45086097717285,0.0007403128517331568,0.006233882904052734
192.168.0.2,2017-02-13 07:35:53.592313,0.0,1.7185211181640625,2.3815441131591797,15.32125473022461,0.026873321239933846,0.0012193965911865235
192.168.0.1,2017-02-13 07:36:42.683285,0.0,1.9330978393554688,4.9083757400512695,79.69427108764648,0.013038936582986922,-0.0027251338958740236
192.168.0.2,2017-02-13 07:40:52.962004,0.0,1.4595985412597656,3.4287118911743164,31.80718421936035,0.01866590195715754,0.004141607284545898
192.168.0.1,2017-02-13 07:41:42.050745,0.0,2.0880699157714844,5.648465156555176,101.57155990600586,0.011330511603798513,0.004127988815307617
192.168.0.7,2017-02-13 07:42:31.248081,0.0,2.928018569946289,86.58650875091553,140.28334617614746,0.0007391451731136266,-0.0024271297454833986
192.168.0.2,2017-02-13 07:45:53.065839,0.0,1.3556480407714844,3.106532096862793,22.62568473815918,0.020601750764021386,0.002384376525878906
192.168.0.1,2017-02-13 07:46:42.157662,0.0,1.9426345825195312,4.879250526428223,61.339378356933594,0.013116768580204505,-0.0016830825805664062
192.168.0.8,2017-02-13 07:47:31.332616,0.0,3.988504409790039,68.92608165740967,124.41301345825195,0.0009285309488229104,0.00866851806640625
192.168.0.2,2017-02-13 07:50:52.940131,0.0,1.6665458679199219,5.243854522705078,67.76595115661621,0.012204762684183917,0.006686630249023437
192.168.0.1,2017-02-13 07:51:42.031626,0.0,2.0389556884765625,6.178865432739258,90.81625938415527,0.010357888628046569,0.006124992370605469
192.168.0.2,2017-02-13 07:55:52.929630,0.0,1.5621185302734375,2.3807668685913086,7.919549942016602,0.026882094523546767,0.0014804458618164062
192.168.0.1,2017-02-13 07:56:42.018889,0.0,2.1669864654541016,6.443243026733398,115.34833908081055,0.009932886239811256,-0.005895175933837891
192.168.0.2,2017-02-13 08:00:52.946694,0.0,1.718759536743164,3.2065248489379883,48.78497123718262,0.01995930267660237,0.003648366928100586
192.168.0.1,2017-02-13 08:01:42.037620,0.0,1.7366409301757812,4.816336631774902,79.58698272705078,0.013288107724400259,-0.0018863296508789063
192.168.0.7,2017-02-13 08:02:36.258451,0.0,3.1740665435791016,145.95606803894043,3003.3938884735107,0.00043848810714005454,0.09037901878356934
192.168.0.2,2017-02-13 08:05:52.966829,0.0,1.603841781616211,2.3208236694335938,6.579160690307617,0.027576416443399792,0.0018828582763671874
192.168.0.4,2017-02-13 08:05:55.975793,100.0,999999999,0.0,0,0.0,0.0
192.168.0.1,2017-02-13 08:06:42.055800,0.0,2.148866653442383,7.6618194580078125,94.68555450439453,0.008353107294000498,-0.0076238918304443355
192.168.0.7,2017-02-13 08:06:45.138940,0.0,41.54062271118164,95.45589447021484,236.1888885498047,0.0006704667150750963,0.011834926605224609
192.168.0.7,2017-02-13 08:07:31.218449,0.0,3.1006336212158203,85.93103408813477,232.56373405456543,0.0007447833100013518,0.014877805709838867
192.168.0.2,2017-02-13 08:10:53.384258,0.0,1.7139911651611328,2.170729637145996,5.2471160888671875,0.029483174184761717,0.0017892551422119141
192.168.0.1,2017-02-13 08:11:42.472439,0.0,2.112865447998047,6.839656829833984,121.36006355285645,0.00935719460672904,-0.005096206665039063
192.168.0.7,2017-02-13 08:12:31.663459,0.0,41.525840759277344,90.69969654083252,140.68102836608887,0.0007056252935883588,-0.0012726020812988282
192.168.0.2,2017-02-13 08:15:53.384989,0.0,1.4541149139404297,2.1691417694091797,4.841804504394531,0.02950475662890029,0.0017697334289550782
192.168.0.1,2017-02-13 08:16:42.462239,0.0,1.5721321105957031,5.804786682128906,114.2125129699707,0.011025383619528288,-0.005264577865600586
192.168.0.2,2017-02-13 08:20:53.384135,0.0,1.6214847564697266,5.369100570678711,118.27611923217773,0.01192005982333643,-0.0041263198852539065
192.168.0.1,2017-02-13 08:21:42.474880,0.0,1.9333362579345703,5.2323150634765625,88.80090713500977,0.012231679328093787,-0.0033737850189208985
192.168.0.2,2017-02-13 08:25:53.176283,0.0,1.6372203826904297,2.4842453002929688,9.857892990112305,0.025762351243032416,0.001633596420288086
192.168.0.4,2017-02-13 08:26:41.264304,100.0,999999999,0.0,0,0.0,0.0
192.168.0.1,2017-02-13 08:26:42.281938,0.0,1.8990039825439453,5.071825981140137,76.4925479888916,0.012618729474944036,-0.0012045764923095702
192.168.0.2,2017-02-13 08:30:53.182513,0.0,1.4460086822509766,3.0065202713012695,21.84748649597168,0.02128706751486488,0.0005747509002685546
192.168.0.1,2017-02-13 08:31:42.265762,0.0,2.093076705932617,3.966827392578125,52.10518836975098,0.016133800053852367,0.00015212059020996093
192.168.0.2,2017-02-13 08:35:53.185154,0.0,1.520395278930664,2.8803539276123047,16.42465591430664,0.022219491634853837,0.002047014236450195
192.168.0.7,2017-02-13 08:36:41.261856,100.0,999999999,0.0,0,0.0,0.0
192.168.0.7,2017-02-13 08:36:41.262044,100.0,999999999,0.0,0,0.0,0.0
192.168.0.1,2017-02-13 08:36:42.282283,0.0,2.0711421966552734,5.140547752380371,84.34462547302246,0.012450035109656223,-0.00048478126525878905
192.168.0.2,2017-02-13 08:40:53.461832,0.0,1.6715526580810547,3.092379570007324,45.91774940490723,0.02069603635359951,0.0002999687194824219
192.168.0.1,2017-02-13 08:41:42.557866,0.0,2.042055130004883,6.562514305114746,99.4422435760498,0.009752359693923891,-0.004481163024902344
192.168.0.1,2017-02-13 08:45:53.302609,0.0,2.2127628326416016,6.266131401062012,113.76714706420898,0.01021363835254923,0.005538797378540039
192.168.0.2,2017-02-13 08:46:42.391879,0.0,1.7223358154296875,2.3737001419067383,5.634784698486328,0.02696212502586375,0.0018343162536621094
192.168.0.2,2017-02-13 08:50:53.097361,0.0,1.7566680908203125,4.260420799255371,99.0290641784668,0.01502199031869946,-0.001527242660522461
192.168.0.1,2017-02-13 08:51:42.181878,0.0,2.1119117736816406,4.561419486999512,71.36368751525879,0.014030720082291535,-0.001857748031616211
192.168.0.2,2017-02-13 08:55:52.895194,0.0,1.7611980438232422,2.6502466201782227,9.203910827636719,0.024148696016711137,0.0021722221374511717
192.168.0.1,2017-02-13 08:56:41.987775,0.0,2.1719932556152344,6.653695106506348,125.44512748718262,0.009618715461941936,0.009898386001586913
192.168.0.10,2017-02-13 08:57:31.082046,0.0,4.321813583374023,5.675020217895508,17.485380172729492,0.011277492862172287,0.0026737594604492186
192.168.0.2,2017-02-13 09:00:52.828034,0.0,1.7523765563964844,3.1820249557495117,52.947044372558594,0.020112978650390592,-8.688926696777344e-05
192.168.0.1,2017-02-13 09:01:41.906129,0.0,2.0971298217773438,6.583762168884277,125.0450611114502,0.009720885772950971,0.0037588024139404296
192.168.0.10,2017-02-13 09:02:30.996196,0.0,4.553556442260742,5.671043395996094,10.870933532714844,0.01128540120944687,0.0021220016479492187
192.168.0.2,2017-02-13 09:05:52.705309,0.0,1.522064208984375,2.649517059326172,13.869285583496094,0.02415534550899497,0.0015785694122314453
192.168.0.1,2017-02-13 09:06:41.796552,0.0,2.0999908447265625,6.715340614318848,107.86676406860352,0.009530417543309033,-0.0002473735809326172
192.168.0.10,2017-02-13 09:07:30.893134,0.0,4.941701889038086,6.934094429016113,63.31610679626465,0.009229756048920873,-0.0005313682556152343
192.168.0.2,2017-02-13 09:10:53.147857,0.0,1.5897750854492188,3.77957820892334,51.268577575683594,0.016933106410895304,0.0004770660400390625
192.168.0.1,2017-02-13 09:11:42.239164,0.0,2.0835399627685547,6.092009544372559,109.85994338989258,0.010505564630823576,-0.004700422286987305
192.168.0.10,2017-02-13 09:12:31.331158,0.0,4.437446594238281,6.733565330505371,26.361942291259766,0.009504623013020746,0.003667135238647461
192.168.0.2,2017-02-13 09:15:53.137041,0.0,1.7483234405517578,2.3229360580444336,4.963397979736328,0.02755133951206495,0.0011906814575195312
192.168.0.1,2017-02-13 09:16:42.281870,0.0,2.108335494995117,7.25163459777832,124.56274032592773,0.008825596372383082,0.006896514892578125
192.168.0.10,2017-02-13 09:17:31.375334,0.0,4.1255950927734375,6.212139129638672,16.1283016204834,0.01030240930932314,0.002788686752319336
192.168.0.1,2017-02-13 09:20:53.275542,0.0,2.1066665649414062,7.125964164733887,117.7835464477539,0.00898124078657783,0.007836036682128907
192.168.0.2,2017-02-13 09:21:42.364361,0.0,1.7330646514892578,2.118067741394043,4.933595657348633,0.03021621959922646,0.0015195751190185548
192.168.0.10,2017-02-13 09:22:31.452256,0.0,4.257678985595703,6.715602874755859,36.900997161865234,0.009530045357592214,0.00042962074279785157
192.168.0.4,2017-02-13 09:25:52.159514,100.0,999999999,0.0,0,0.0,0.0
192.168.0.2,2017-02-13 09:25:53.160694,0.0,1.4543533325195312,2.4284839630126953,7.521629333496094,0.02635389031789354,0.0015879535675048827
192.168.0.8,2017-02-13 09:26:41.337862,0.0,4.46772575378418,71.23703479766846,198.34351539611816,0.0008984090955185951,0.0105859375
192.168.0.1,2017-02-13 09:26:42.281996,0.0,2.1123886108398438,6.615586280822754,99.23505783081055,0.009674123695661419,-0.0020705986022949217
192.168.0.10,2017-02-13 09:27:31.374306,0.0,4.402399063110352,5.789790153503418,28.74159812927246,0.011053941214306952,0.0009971237182617187
192.168.0.8,2017-02-13 09:28:20.563701,0.0,3.3087730407714844,69.69129085540771,184.8146915435791,0.0009183356946678497,0.0019135665893554687
192.168.0.2,2017-02-13 09:30:53.277849,0.0,1.7330646514892578,3.024153709411621,30.870437622070312,0.021162945455061487,0.000990142822265625
192.168.0.1,2017-02-13 09:31:42.369277,0.0,2.0923614501953125,6.557726860046387,119.18520927429199,0.009759479369280606,-0.004952173233032226
192.168.0.10,2017-02-13 09:32:31.462749,0.0,4.864215850830078,5.666265487670898,8.604288101196289,0.011294917285336556,0.001694936752319336
192.168.0.2,2017-02-13 09:35:53.275829,0.0,1.2652873992919922,12.402877807617188,517.1725749969482,0.005160092761753616,-0.01885833740234375
192.168.0.1,2017-02-13 09:36:42.365982,0.0,2.107858657836914,5.084624290466309,53.02572250366211,0.012586967363547443,0.0011639118194580079
192.168.0.10,2017-02-13 09:37:31.455468,0.0,4.795551300048828,5.630922317504883,9.301185607910156,0.011365811210188925,0.0010168838500976562
192.168.0.4,2017-02-13 09:38:20.587335,0.0,16.20793342590332,90.72649478912354,219.7558879852295,0.0007054168702180748,0.005903730392456055
192.168.0.2,2017-02-13 09:40:52.764021,0.0,1.5921592712402344,2.897000312805176,27.813434600830078,0.02209181673785481,0.0027286720275878904
192.168.0.1,2017-02-13 09:41:41.864292,0.0,2.055644989013672,6.61198616027832,83.5728645324707,0.00967939110104036,0.003258190155029297
192.168.0.10,2017-02-13 09:42:30.963530,0.0,4.821538925170898,5.517606735229492,9.627819061279297,0.011599231890044819,0.0020531940460205077
192.168.0.2,2017-02-13 09:45:52.764106,0.0,1.5268325805664062,3.053750991821289,35.67647933959961,0.020957831916029842,0.0027092647552490233
192.168.0.1,2017-02-13 09:46:41.853629,0.0,2.114534378051758,4.790740013122559,69.0464973449707,0.013359105237331678,0.0006223964691162109
192.168.0.10,2017-02-13 09:47:30.949621,0.0,4.769086837768555,7.003273963928223,59.902191162109375,0.00913858294415511,0.003131093978881836
192.168.0.2,2017-02-13 09:50:52.658686,0.0,1.6317367553710938,2.6587581634521484,21.656274795532227,0.02407138824424031,0.002358531951904297
192.168.0.1,2017-02-13 09:51:41.749900,0.0,1.924753189086914,6.195459365844727,106.87446594238281,0.010330146034502132,0.0008254241943359375
192.168.0.10,2017-02-13 09:52:30.841104,0.0,4.74095344543457,6.096162796020508,35.50148010253906,0.010498407300044272,0.0030315208435058596
192.168.0.2,2017-02-13 09:55:53.550965,0.0,1.7547607421875,2.2368812561035156,7.178544998168945,0.028611263930694,0.001512165069580078
192.168.0.1,2017-02-13 09:56:42.653887,0.0,2.103567123413086,24.057564735412598,1006.920337677002,0.002660285889443846,-0.04035271644592285
192.168.0.10,2017-02-13 09:57:31.747960,0.0,4.607915878295898,5.9476470947265625,18.68581771850586,0.010760557743371346,0.001318216323852539
192.168.0.6,2017-02-13 09:58:20.905423,0.0,2.6619434356689453,62.34292507171631,115.87715148925781,0.0010265799996772285,0.0050452804565429684
192.168.0.1,2017-02-13 10:00:53.656562,0.0,2.196073532104492,6.460089683532715,80.902099609375,0.009906983205378885,0.00408015251159668
192.168.0.2,2017-02-13 10:01:42.748102,0.0,1.361846923828125,2.684464454650879,13.330221176147461,0.023840881889539995,0.0014251422882080077
192.168.0.10,2017-02-13 10:02:31.841727,0.0,4.836559295654297,5.522017478942871,9.778738021850586,0.011589966935825797,0.0022119140625
192.168.0.6,2017-02-13 10:03:21.042916,0.0,2.526998519897461,64.35362815856934,117.62857437133789,0.0009945049227419163,0.0004976558685302735
192.168.0.2,2017-02-13 10:05:52.753313,0.0,1.7015933990478516,2.5064945220947266,9.610176086425781,0.025533668410539334,0.001242837905883789
192.168.0.1,2017-02-13 10:06:41.844295,0.0,1.9869804382324219,14.772191047668457,369.82274055480957,0.0043324649534708885,-0.01766871452331543
192.168.0.10,2017-02-13 10:07:30.938545,0.0,4.937887191772461,8.511929512023926,126.0225772857666,0.007518859256246635,0.006276655197143555
192.168.0.6,2017-02-13 10:08:20.053438,0.0,3.2188892364501953,78.47434520721436,454.2195796966553,0.0008155531572898847,0.01196824073791504
192.168.0.2,2017-02-13 10:10:53.230809,0.0,1.7321109771728516,20.670742988586426,518.2151794433594,0.0030961635019766003,-0.01246784210205078
192.168.0.1,2017-02-13 10:11:42.321358,0.0,2.0418167114257812,5.27252197265625,82.66139030456543,0.012138403658042484,-0.002269887924194336
192.168.0.10,2017-02-13 10:12:31.419532,0.0,5.027055740356445,7.456603050231934,13.897180557250977,0.008582996784039525,0.0009149265289306641
192.168.0.6,2017-02-13 10:13:20.511927,0.0,2.5005340576171875,21.88063144683838,163.06543350219727,0.0029249612907879595,0.0007497406005859375
192.168.0.4,2017-02-13 10:14:09.674642,0.0,3.691434860229492,86.1252498626709,140.15555381774902,0.000743103794787821,0.004590654373168945
192.168.0.2,2017-02-13 10:15:53.403046,0.0,1.7130374908447266,2.772655487060547,12.51220703125,0.023082564818700257,0.0012305355072021484
192.168.0.1,2017-02-13 10:16:42.493527,0.0,1.940011978149414,5.324387550354004,78.87959480285645,0.012020161829832393,0.0031261253356933594
192.168.0.10,2017-02-13 10:17:31.589011,0.0,4.811286926269531,8.451170921325684,61.24544143676758,0.0075729151138693,0.004358205795288086
192.168.0.6,2017-02-13 10:18:20.680374,0.0,2.3641586303710938,9.803857803344727,95.7939624786377,0.006528042458772248,0.000471038818359375
192.168.0.2,2017-02-13 10:20:53.398935,0.0,1.332998275756836,4.323830604553223,112.72644996643066,0.014801689948862615,-0.0026450157165527344
192.168.0.1,2017-02-13 10:21:42.489229,0.0,2.0961761474609375,7.210264205932617,85.98899841308594,0.008876235068798269,0.0007291221618652343
192.168.0.10,2017-02-13 10:22:31.583790,0.0,4.766225814819336,6.165485382080078,13.898849487304688,0.010380366837948456,0.0021911048889160156
192.168.0.1,2017-02-13 10:25:53.418492,0.0,2.0875930786132812,5.158324241638184,78.76443862915039,0.012407130106981187,0.006087141036987305
192.168.0.2,2017-02-13 10:26:42.508185,0.0,1.3680458068847656,2.2186851501464844,8.181571960449219,0.028845913533866906,0.0017223358154296875
192.168.0.10,2017-02-13 10:27:31.602221,0.0,4.826545715332031,6.959881782531738,54.71062660217285,0.00919555848787984,0.003492746353149414
192.168.0.6,2017-02-13 10:28:20.685236,0.0,2.476930618286133,12.20665454864502,102.2336483001709,0.005243041796992954,0.006030101776123047
192.168.0.2,2017-02-13 10:30:53.384262,0.0,1.7099380493164062,2.372760772705078,4.682779312133789,0.02697279925402529,0.0017812442779541015
192.168.0.1,2017-02-13 10:31:42.473740,0.0,2.0322799682617188,7.3435258865356445,121.11473083496094,0.00871515958258471,-0.0041525840759277345
192.168.0.10,2017-02-13 10:32:31.568277,0.0,4.713535308837891,5.914068222045898,14.834880828857422,0.010821653994694704,0.001972179412841797
192.168.0.2,2017-02-13 10:35:53.388346,0.0,1.7054080963134766,2.384195327758789,15.16270637512207,0.026843438226247095,0.0021780967712402345
192.168.0.1,2017-02-13 10:36:42.476928,0.0,1.949310302734375,5.522546768188477,97.7783203125,0.011588856135842826,-0.0038997840881347654
192.168.0.6,2017-02-13 10:37:31.567689,0.0,2.3415088653564453,10.099968910217285,93.84655952453613,0.006336653168828729,-0.004218072891235352
192.168.0.10,2017-02-13 10:38:20.660361,0.0,4.862070083618164,6.6162872314453125,21.96979522705078,0.00967309878806748,0.002742519378662109
192.168.0.8,2017-02-13 10:40:03.784223,100.0,999999999,0.0,0,0.0,0.0
192.168.0.6,2017-02-13 10:40:52.866730,0.0,2.330303192138672,13.34704875946045,132.21001625061035,0.0047950675204236825,0.01614666938781738
192.168.0.2,2017-02-13 10:40:52.866707,0.0,1.268625259399414,5.746188163757324,128.6325454711914,0.011137818354725023,0.005870656967163086
192.168.0.1,2017-02-13 10:41:41.958058,0.0,1.7063617706298828,5.851831436157227,91.96925163269043,0.010936747016422511,-0.004044733047485352
192.168.0.10,2017-02-13 10:42:31.051107,0.0,4.7702789306640625,5.3963518142700195,9.990930557250977,0.01185986425695217,0.0017939949035644532
192.168.0.6,2017-02-13 10:43:20.194111,0.0,2.1762847900390625,15.698933601379395,114.46785926818848,0.004076710025346983,-0.0003545570373535156
192.168.0.2,2017-02-13 10:45:52.904310,0.0,1.7430782318115234,2.149624824523926,4.524946212768555,0.029772637192247715,0.0017567062377929687
192.168.0.1,2017-02-13 10:46:41.998317,0.0,2.182483673095703,5.9128618240356445,111.7548942565918,0.010823861930925141,0.005009317398071289
192.168.0.6,2017-02-13 10:47:31.178824,0.0,2.413034439086914,8.509273529052734,104.10690307617188,0.007521206103140109,0.010846004486083985
192.168.0.2,2017-02-13 10:50:52.881355,0.0,1.7118453979492188,3.5903549194335938,48.758745193481445,0.01782553575792348,0.0036199283599853515
192.168.0.1,2017-02-13 10:51:41.970003,0.0,2.112865447998047,6.308927536010742,97.85008430480957,0.010144354905757635,-0.003583707809448242
192.168.0.2,2017-02-13 10:55:52.887064,0.0,1.3530254364013672,3.087296485900879,33.440589904785156,0.02073011137487972,0.0030822849273681643
192.168.0.1,2017-02-13 10:56:41.977984,0.0,2.1038055419921875,7.301535606384277,127.91299819946289,0.00876527944944075,-0.005891609191894531
192.168.0.6,2017-02-13 10:57:31.067392,0.0,2.4695396423339844,13.052077293395996,116.27197265625,0.004903434032863282,0.015388946533203125
192.168.0.2,2017-02-13 11:00:52.650832,0.0,1.4736652374267578,2.6047420501708984,21.36540412902832,0.02457057119947863,0.002409505844116211
192.168.0.1,2017-02-13 11:01:41.730606,0.0,2.0818710327148438,6.515483856201172,114.42255973815918,0.009822754750453017,0.008216686248779297
192.168.0.6,2017-02-13 11:02:30.819243,0.0,2.3908615112304688,11.355018615722656,114.3646240234375,0.0056362743352426385,0.011297922134399414
192.168.0.2,2017-02-13 11:05:53.533034,0.0,1.6748905181884766,2.795534133911133,15.68913459777832,0.022893657145391343,0.00088409423828125
192.168.0.1,2017-02-13 11:06:42.658790,0.0,2.1409988403320312,7.654738426208496,89.24412727355957,0.008360834353382357,0.0032954883575439455
192.168.0.6,2017-02-13 11:07:31.743177,0.0,2.3374557495117188,9.093260765075684,89.39552307128906,0.007038179334502712,-0.00020741462707519532
192.168.0.2,2017-02-13 11:10:52.918563,0.0,1.760244369506836,2.3965024948120117,13.933420181274414,0.026705584550213598,0.0024081039428710937
192.168.0.1,2017-02-13 11:11:42.010236,0.0,2.172708511352539,6.3112688064575195,96.10462188720703,0.01014059168807973,-0.003768167495727539
192.168.0.6,2017-02-13 11:12:31.099416,0.0,2.4213790893554688,6.824836730957031,89.38050270080566,0.009377513708086234,-0.001790628433227539
192.168.0.2,2017-02-13 11:15:52.815262,0.0,1.7075538635253906,2.3148488998413086,5.735874176025391,0.02764759289661949,0.0017824077606201172
192.168.0.1,2017-02-13 11:16:41.907936,0.0,2.0804405212402344,5.126385688781738,99.60675239562988,0.012484429359276185,0.0047774982452392575
192.168.0.2,2017-02-13 11:20:52.836409,0.0,1.664876937866211,3.282604217529297,48.460960388183594,0.019496715339070207,-5.1641464233398436e-05
192.168.0.1,2017-02-13 11:21:41.926742,0.0,2.096414566040039,5.657024383544922,93.58859062194824,0.011313368241113182,-0.002480754852294922
192.168.0.6,2017-02-13 11:22:31.113651,0.0,16.21532440185547,69.28730487823486,122.36595153808594,0.0009236901350467197,0.003489675521850586
192.168.0.2,2017-02-13 11:25:52.827739,0.0,1.7306804656982422,2.357611656188965,9.04703140258789,0.027146116211291052,0.0017039680480957031
192.168.0.1,2017-02-13 11:26:41.919031,0.0,2.0961761474609375,5.028996467590332,105.09681701660156,0.012726197047950187,0.0061905765533447265
192.168.0.2,2017-02-13 11:30:53.247624,0.0,1.537322998046875,41.810302734375,1429.654836654663,0.0015307231905637793,0.047766523361206056
192.168.0.1,2017-02-13 11:31:42.336473,0.0,2.102375030517578,7.080330848693848,107.26261138916016,0.009039125623883306,-0.005315084457397461
192.168.0.1,2017-02-13 11:35:52.830473,0.0,2.0096302032470703,5.455312728881836,121.27065658569336,0.011731683073120164,-0.0019596099853515627
192.168.0.2,2017-02-13 11:36:41.920137,0.0,1.7719268798828125,2.97945499420166,17.86041259765625,0.021480438578381243,0.0017847347259521485
192.168.0.2,2017-02-13 11:40:53.186920,0.0,1.4979839324951172,2.6091814041137695,12.676000595092773,0.024528765956669134,0.0014865970611572265
192.168.0.1,2017-02-13 11:41:42.277185,0.0,1.9719600677490234,3.3788108825683594,24.272441864013672,0.01894157507606677,0.0006917285919189454
192.168.0.1,2017-02-13 11:45:53.152403,0.0,1.9061565399169922,4.56049919128418,78.1254768371582,0.014033551441542608,0.005412807464599609
192.168.0.2,2017-02-13 11:46:42.284236,0.0,1.7414093017578125,3.1582260131835938,43.75171661376953,0.02026454083173292,0.0033908939361572267
192.168.0.2,2017-02-13 11:50:53.000033,0.0,1.7557144165039062,2.6888513565063477,25.96879005432129,0.023801985128384287,0.0028728771209716795
192.168.0.1,2017-02-13 11:51:42.090544,0.0,2.147674560546875,5.38604736328125,105.6509017944336,0.011882554252365573,0.004352006912231445
192.168.0.1,2017-02-13 11:55:53.119459,0.0,1.848459243774414,6.62961483001709,121.2930679321289,0.009653652835188167,0.009661502838134765
192.168.0.2,2017-02-13 11:56:42.209692,0.0,1.4920234680175781,2.7543210983276367,17.8830623626709,0.023236216009404058,0.0013996505737304688
192.168.0.2,2017-02-13 12:00:52.965897,0.0,1.5494823455810547,2.728877067565918,25.81787109375,0.02345287032555344,0.002882232666015625
192.168.0.1,2017-02-13 12:01:42.056697,0.0,2.0475387573242188,4.424333572387695,84.32412147521973,0.014465455407662876,-0.0014629077911376953
192.168.0.8,2017-02-13 12:02:31.256342,0.0,18.431901931762695,72.31453895568848,128.7858486175537,0.0008850225822391912,0.011878843307495118
192.168.0.2,2017-02-13 12:05:52.772263,0.0,1.7466545104980469,2.7043819427490234,12.798070907592773,0.023665296306091863,0.0018184757232666015
192.168.0.1,2017-02-13 12:06:41.864011,0.0,2.0766258239746094,5.021100044250488,57.36374855041504,0.012746210877292614,-0.0029240894317626954
192.168.0.2,2017-02-13 12:10:53.221578,0.0,1.6124248504638672,2.78287410736084,29.26921844482422,0.022997806415574758,0.0026294994354248047
192.168.0.1,2017-02-13 12:11:42.308420,0.0,1.9559860229492188,3.1432342529296875,15.901565551757812,0.020361193232845458,0.0018630027770996094
192.168.0.2,2017-02-13 12:15:53.016205,0.0,1.6150474548339844,2.8719663619995117,21.165132522583008,0.022284383566192646,0.0012694454193115233
192.168.0.1,2017-02-13 12:16:42.108277,0.0,1.981973648071289,5.211420059204102,87.08524703979492,0.012280721813427223,-0.0027369213104248046
192.168.0.1,2017-02-13 12:20:52.985166,0.0,2.1457672119140625,5.494332313537598,83.2974910736084,0.011648367144140352,0.007146463394165039
192.168.0.2,2017-02-13 12:21:42.076200,0.0,1.2993812561035156,2.192964553833008,5.024909973144531,0.029184238244132396,0.001691598892211914
192.168.0.2,2017-02-13 12:25:52.784228,0.0,1.7077922821044922,2.3935937881469727,12.085437774658203,0.02673803730479528,0.0013654804229736328
192.168.0.1,2017-02-13 12:26:41.876240,0.0,2.101421356201172,5.437836647033691,80.89280128479004,0.011769386275130503,-0.0030871200561523437
192.168.0.2,2017-02-13 12:30:53.588370,0.0,1.6362667083740234,2.868361473083496,34.656524658203125,0.02231239005284778,0.0006053256988525391
192.168.0.1,2017-02-13 12:31:42.669219,0.0,2.0322799682617188,6.5378570556640625,116.44387245178223,0.009789140303175289,0.003113546371459961
192.168.0.1,2017-02-13 12:35:53.586751,0.0,1.8694400787353516,10.267729759216309,228.53779792785645,0.006233120806724937,-0.008555450439453126
192.168.0.2,2017-02-13 12:36:42.676121,0.0,1.5494823455810547,2.0296573638916016,4.172086715698242,0.0315324158346059,0.0016311073303222655
192.168.0.6,2017-02-13 12:37:31.766385,0.0,2.2726058959960938,34.02677059173584,110.8088493347168,0.0018808719983419123,0.0040359687805175785
192.168.0.2,2017-02-13 12:40:53.186722,0.0,1.506805419921875,5.781464576721191,153.42044830322266,0.011069859401663228,0.0074358367919921875
192.168.0.1,2017-02-13 12:41:42.270065,0.0,1.9159317016601562,6.333732604980469,90.93499183654785,0.010104626133044237,-0.0021492671966552735
192.168.0.2,2017-02-13 12:45:53.142017,0.0,1.6243457794189453,2.345767021179199,8.835554122924805,0.02728318687327597,0.0012590217590332032
192.168.0.1,2017-02-13 12:46:42.225197,0.0,1.7926692962646484,6.635284423828125,116.69373512268066,0.009645404162354836,-0.005569772720336914
192.168.0.6,2017-02-13 12:47:31.309882,0.0,2.4137496948242188,46.40061855316162,120.01371383666992,0.0013792919576422157,-0.016853523254394532
192.168.0.2,2017-02-13 12:50:53.180917,0.0,1.7600059509277344,2.690877914428711,16.7999267578125,0.023784059342427496,0.00108123779296875
192.168.0.1,2017-02-13 12:51:42.272477,0.0,2.074003219604492,2.7448034286499023,8.861541748046875,0.02331678812842344,0.0018613243103027344
192.168.0.6,2017-02-13 12:52:31.431103,0.0,2.399444580078125,60.196495056152344,115.5095100402832,0.0010631848239718888,-0.001228485107421875
192.168.0.2,2017-02-13 12:55:53.143802,0.0,1.7006397247314453,2.3616838455200195,5.657672882080078,0.027099308877182853,0.0015615558624267579
192.168.0.1,2017-02-13 12:56:42.278401,0.0,2.107381820678711,5.8972978591918945,82.27419853210449,0.010852427930233442,-0.0008858108520507813
192.168.0.8,2017-02-13 12:57:31.366169,0.0,2.830982208251953,67.63051986694336,120.14460563659668,0.0009463183208692457,-0.007316970825195312
192.168.0.2,2017-02-13 13:00:53.151381,0.0,1.7271041870117188,3.0445241928100586,44.214487075805664,0.021021347161944797,-2.3183822631835936e-05
192.168.0.1,2017-02-13 13:01:42.240334,0.0,2.0885467529296875,5.915040969848633,109.71975326538086,0.010819874338357757,-0.004883918762207031
192.168.0.2,2017-02-13 13:05:53.148231,0.0,1.7631053924560547,2.8070545196533203,18.15652847290039,0.022799699668072066,0.0011507797241210938
192.168.0.1,2017-02-13 13:06:42.282199,0.0,1.8715858459472656,6.497073173522949,99.51949119567871,0.009850589379355392,-0.0016567230224609375
192.168.0.6,2017-02-13 13:07:31.432435,0.0,2.2678375244140625,52.48980522155762,117.0504093170166,0.001219284387317847,-0.0015876293182373047
192.168.0.2,2017-02-13 13:10:52.674405,0.0,1.7459392547607422,2.213864326477051,6.132364273071289,0.028908727257846004,0.0018532848358154296
192.168.0.1,2017-02-13 13:11:41.768151,0.0,2.095460891723633,6.568078994750977,95.44205665588379,0.009744097178360217,-0.001000995635986328
192.168.0.6,2017-02-13 13:12:30.860516,0.0,2.2280216217041016,52.76204586029053,149.35946464538574,0.0012129931460479497,0.0028380584716796876
192.168.0.2,2017-02-13 13:15:53.569451,0.0,1.50299072265625,2.4268150329589844,9.499788284301758,0.02637201398986128,0.0025121688842773436
192.168.0.1,2017-02-13 13:16:42.781731,0.0,1.8825531005859375,25.82223415374756,1126.3906955718994,0.0024784842248327197,-0.03974342346191406
192.168.0.6,2017-02-13 13:17:31.910842,0.0,2.3851394653320312,56.00008964538574,192.2290325164795,0.0011428553133624034,0.001433992385864258
192.168.0.2,2017-02-13 13:20:53.631548,0.0,1.718759536743164,3.1162357330322266,44.13914680480957,0.020537599040277146,0.0002444744110107422
192.168.0.1,2017-02-13 13:21:42.710822,0.0,2.124309539794922,4.9304962158203125,74.16415214538574,0.012980437911025145,-0.0032650566101074217
192.168.0.2,2017-02-13 13:25:53.620046,0.0,1.4400482177734375,2.1123361587524414,4.142522811889648,0.030298207856177015,0.0019828414916992186
192.168.0.1,2017-02-13 13:26:42.709588,0.0,2.093791961669922,3.9455461502075195,49.3006706237793,0.01622082154498025,0.004750423431396485
192.168.0.6,2017-02-13 13:27:31.878278,0.0,15.852212905883789,65.29450416564941,117.57779121398926,0.000980174377886915,-0.0011538219451904296
192.168.0.1,2017-02-13 13:30:53.684602,0.0,1.926422119140625,6.365423202514648,79.34927940368652,0.010054319715100313,-0.0006305980682373047
192.168.0.2,2017-02-13 13:31:42.775746,0.0,1.7468929290771484,2.269153594970703,5.845308303833008,0.0282043490321008,0.001606311798095703
192.168.0.6,2017-02-13 13:32:31.867847,0.0,2.5491714477539062,63.491129875183105,117.05422401428223,0.0010080148223195473,-0.0020985317230224607
192.168.0.2,2017-02-13 13:35:53.576319,0.0,1.7228126525878906,2.6289749145507812,11.521100997924805,0.024344089266799193,0.0014813518524169921
192.168.0.4,2017-02-13 13:35:57.587009,100.0,999999999,0.0,0,0.0,0.0
192.168.0.1,2017-02-13 13:36:42.666990,0.0,2.0203590393066406,4.730401039123535,59.206485748291016,0.01352950827438896,0.003032016754150391
192.168.0.6,2017-02-13 13:37:31.846739,0.0,2.7043819427490234,64.40454483032227,116.57166481018066,0.0009937186912602509,0.005478725433349609
192.168.0.2,2017-02-13 13:40:53.086703,0.0,1.7428398132324219,4.2086029052734375,108.90340805053711,0.015206946685278175,-0.002594718933105469
192.168.0.1,2017-02-13 13:41:42.179277,0.0,2.0995140075683594,4.3222761154174805,72.52907752990723,0.014807013316829334,0.005099859237670899
192.168.0.6,2017-02-13 13:42:31.367103,0.0,2.445697784423828,62.44965076446533,115.2029037475586,0.001024825586957755,0.006573629379272461
192.168.0.2,2017-02-13 13:45:53.110237,0.0,1.7001628875732422,2.3271560668945312,8.727788925170898,0.027501378575526595,0.0017604160308837891
192.168.0.1,2017-02-13 13:46:42.190425,0.0,1.9495487213134766,2.9265880584716797,6.609201431274414,0.021868468920570264,0.0016948509216308594
192.168.0.6,2017-02-13 13:47:31.301119,0.0,2.4471282958984375,61.43049716949463,145.93887329101562,0.001041827804574262,-0.0005076980590820313
192.168.0.1,2017-02-13 13:50:53.300891,0.0,2.124309539794922,7.887868881225586,112.51688003540039,0.008113725134596296,0.005450630187988281
192.168.0.2,2017-02-13 13:51:42.386055,0.0,1.7554759979248047,2.2741222381591797,6.567716598510742,0.028142726422571596,0.0017625045776367186
192.168.0.2,2017-02-13 13:55:53.027143,0.0,1.7096996307373047,2.2051620483398438,4.956483840942383,0.0290228103862854,0.0019650554656982424
192.168.0.1,2017-02-13 13:56:42.111577,0.0,1.775979995727539,5.801634788513184,101.62043571472168,0.011031373454722687,-0.0038440513610839846
192.168.0.6,2017-02-13 13:57:31.266690,0.0,2.707958221435547,67.19579219818115,132.58790969848633,0.0009524405904947772,-0.0018532371520996094
192.168.0.2,2017-02-13 14:00:52.906663,0.0,1.477956771850586,3.1435203552246094,30.46727180480957,0.020359340092590907,0.0031821727752685547
192.168.0.1,2017-02-13 14:01:41.996909,0.0,1.8885135650634766,6.2438154220581055,104.23088073730469,0.010250142849178608,-0.0030834197998046873
192.168.0.2,2017-02-13 14:05:52.899872,0.0,1.4464855194091797,2.632589340209961,9.95635986328125,0.024310665937322267,0.0021344280242919923
192.168.0.1,2017-02-13 14:06:41.990293,0.0,1.8451213836669922,5.846037864685059,93.93548965454102,0.010947585609496878,-0.005040760040283203
192.168.0.6,2017-02-13 14:07:31.131181,0.0,2.699136734008789,64.97872352600098,117.8138256072998,0.0009849377846640932,0.010611419677734374
192.168.0.1,2017-02-13 14:10:53.439265,0.0,2.1102428436279297,6.197657585144043,120.12529373168945,0.010326482081457642,0.009246997833251953
192.168.0.2,2017-02-13 14:11:42.528010,0.0,1.7445087432861328,2.2457170486450195,7.574796676635742,0.028498692673066348,0.0019051074981689454
192.168.0.2,2017-02-13 14:15:53.368801,0.0,1.667022705078125,2.6530885696411133,10.425090789794922,0.024122828288637706,0.0012883758544921875
192.168.0.1,2017-02-13 14:16:42.460082,0.0,1.9276142120361328,6.108603477478027,103.38926315307617,0.01047702641626082,0.0006407928466796875
192.168.0.6,2017-02-13 14:17:31.610040,0.0,2.956867218017578,68.89575481414795,195.39856910705566,0.0009289396737526913,-0.012619953155517578
192.168.0.2,2017-02-13 14:20:53.262448,0.0,1.6889572143554688,3.310718536376953,46.437740325927734,0.019331151016551733,-0.00048443794250488284
192.168.0.1,2017-02-13 14:21:42.351602,0.0,2.112865447998047,7.271847724914551,141.71338081359863,0.008801064381577385,-0.007678155899047852
192.168.0.6,2017-02-13 14:22:31.542260,0.0,2.6483535766601562,63.34399223327637,115.41867256164551,0.001010356274424696,0.0018642902374267577
192.168.0.2,2017-02-13 14:25:53.255425,0.0,1.6417503356933594,2.2995805740356445,9.602546691894531,0.027831162222632332,0.0014436912536621093
192.168.0.1,2017-02-13 14:26:42.346784,0.0,2.1076202392578125,4.918785095214844,110.80646514892578,0.01301134299651784,0.006155319213867187
192.168.0.8,2017-02-13 14:27:31.541285,0.0,19.770383834838867,70.58587551116943,138.64731788635254,0.0009066969777809543,0.001649627685546875
192.168.0.6,2017-02-13 14:28:20.729007,0.0,2.6254653930664062,63.07468891143799,114.59898948669434,0.0010146700856481627,0.008158092498779296
192.168.0.4,2017-02-13 14:29:09.905693,0.0,39.93988037109375,91.29130840301514,204.95319366455078,0.0007010525001730202,-0.0036302852630615235
192.168.0.2,2017-02-13 14:30:53.610943,0.0,1.7230510711669922,3.7920379638671875,64.11027908325195,0.0168774681608756,-0.0005196189880371094
192.168.0.1,2017-02-13 14:31:42.699257,0.0,2.0928382873535156,6.464285850524902,100.2206802368164,0.009900552277527019,0.0034417152404785157
192.168.0.6,2017-02-13 14:32:31.790332,0.0,2.317667007446289,59.41046714782715,115.84973335266113,0.0010772512500323052,-0.0047638797760009765
192.168.0.2,2017-02-13 14:35:53.507844,0.0,1.744985580444336,2.3206186294555664,7.335662841796875,0.02757885297810216,0.0013877201080322267
192.168.0.1,2017-02-13 14:36:42.656248,0.0,2.0601749420166016,4.759058952331543,60.051679611206055,0.013448036815901456,0.0021435546875
192.168.0.6,2017-02-13 14:37:31.850921,0.0,2.4716854095458984,62.94285774230957,114.76421356201172,0.001016795269481065,-0.001687793731689453
192.168.0.2,2017-02-13 14:40:53.086429,0.0,1.5292167663574219,4.708809852600098,110.35609245300293,0.013591544785920938,-0.0023115730285644532
192.168.0.1,2017-02-13 14:41:42.176338,0.0,2.0949840545654297,5.256538391113281,76.89714431762695,0.01217531296036924,0.003059263229370117
192.168.0.6,2017-02-13 14:42:31.373065,0.0,18.04971694946289,68.58065128326416,116.69135093688965,0.0009332078188592242,0.0033548450469970703
192.168.0.2,2017-02-13 14:45:53.129439,0.0,1.7282962799072266,3.0292367935180664,21.73328399658203,0.021127433859560476,0.0013796520233154298
192.168.0.1,2017-02-13 14:46:42.282105,0.0,2.0155906677246094,6.409597396850586,90.5613899230957,0.009985026521548293,-0.000586090087890625
192.168.0.2,2017-02-13 14:50:53.131119,0.0,1.7237663269042969,3.941507339477539,65.38105010986328,0.016237442807472593,7.360458374023438e-05
192.168.0.1,2017-02-13 14:51:42.222897,0.0,2.1300315856933594,4.629917144775391,71.21038436889648,0.013823141537688318,-0.0011784839630126953
192.168.0.6,2017-02-13 14:52:31.341928,0.0,2.579927444458008,66.66088104248047,116.5773868560791,0.0009600833202191734,0.0017075920104980468
192.168.0.2,2017-02-13 14:55:53.046295,0.0,1.7535686492919922,2.743368148803711,24.37138557434082,0.023328987043867305,0.0007729053497314454
192.168.0.1,2017-02-13 14:56:42.134510,0.0,1.7399787902832031,5.407528877258301,88.41824531555176,0.011835350573744689,-0.00298274040222168
192.168.0.6,2017-02-13 14:57:31.224158,0.0,2.534151077270508,68.06464195251465,201.62391662597656,0.0009402826219911603,-0.004161434173583984
192.168.0.2,2017-02-13 15:00:52.938754,0.0,1.4808177947998047,3.18023681640625,54.66008186340332,0.020124287496401497,0.004057388305664062
192.168.0.1,2017-02-13 15:01:42.026434,0.0,2.103090286254883,4.756298065185547,81.28571510314941,0.013455842994461977,-0.002092266082763672
192.168.0.6,2017-02-13 15:02:31.204002,0.0,2.6776790618896484,65.88673114776611,198.94695281982422,0.0009713640195089557,-0.0002972412109375
192.168.0.2,2017-02-13 15:05:52.918157,0.0,1.6467571258544922,2.732548713684082,17.688274383544922,0.023421357386787005,0.0006318092346191406
192.168.0.1,2017-02-13 15:06:42.009739,0.0,2.0759105682373047,5.553569793701172,81.00247383117676,0.011524119148117747,-0.001236724853515625
192.168.0.6,2017-02-13 15:07:31.137512,0.0,2.694845199584961,62.5224494934082,117.57683753967285,0.001023632319567831,-0.003174495697021484
192.168.0.2,2017-02-13 15:10:53.372248,0.0,1.3737678527832031,2.1938133239746094,5.923748016357422,0.0291729470783088,0.0013872528076171876
192.168.0.1,2017-02-13 15:11:42.458427,0.0,2.1021366119384766,5.285983085632324,70.88708877563477,0.012107492393223226,-0.00035038948059082034
192.168.0.6,2017-02-13 15:12:31.545804,0.0,2.479076385498047,63.91011714935303,116.79625511169434,0.001001406394709572,-0.005090856552124023
192.168.0.2,2017-02-13 15:15:53.265527,0.0,1.7499923706054688,2.382688522338867,8.19849967956543,0.02686041393995429,0.0015750408172607421
192.168.0.1,2017-02-13 15:16:42.354862,0.0,2.11334228515625,6.761946678161621,110.35609245300293,0.009464730061639552,0.0007349872589111329
192.168.0.6,2017-02-13 15:17:31.513793,0.0,2.6781558990478516,67.4271297454834,138.71002197265625,0.0009491728365359796,-0.00934922218322754
192.168.0.2,2017-02-13 15:20:53.428995,0.0,1.291036605834961,4.177613258361816,85.14761924743652,0.01531975222261157,-0.0009313774108886719
192.168.0.1,2017-02-13 15:21:42.518667,0.0,1.8963813781738281,4.8343610763549805,86.05098724365234,0.013238564308534196,-0.0029706573486328125
192.168.0.6,2017-02-13 15:22:31.606459,0.0,2.475738525390625,59.16908264160156,113.73353004455566,0.001081645973584891,-0.005449409484863281
192.168.0.2,2017-02-13 15:25:53.321368,0.0,1.4791488647460938,2.611265182495117,6.728649139404297,0.024509192106964294,0.0018480491638183593
192.168.0.1,2017-02-13 15:26:42.416248,0.0,1.8229484558105469,5.601344108581543,76.1711597442627,0.01142582900806768,0.0002961254119873047
192.168.0.6,2017-02-13 15:27:31.583870,0.0,2.4111270904541016,56.624131202697754,120.24426460266113,0.001130260167187357,-0.001993589401245117
192.168.0.1,2017-02-13 15:30:53.299858,0.0,2.0575523376464844,7.458539009094238,108.57152938842773,0.008580768957830005,-0.0062863540649414065
192.168.0.2,2017-02-13 15:31:42.389896,0.0,1.6787052154541016,2.1953392028808594,4.686594009399414,0.029152670309907123,0.0015953731536865233
192.168.0.2,2017-02-13 15:35:53.328124,0.0,1.451730728149414,3.2882213592529297,31.2497615814209,0.019463409852231037,-7.294654846191406e-05
192.168.0.1,2017-02-13 15:36:42.417944,0.0,2.123117446899414,6.9809770584106445,115.94915390014648,0.009167771139269558,0.0037298011779785156
192.168.0.6,2017-02-13 15:37:31.549867,0.0,2.8333663940429688,70.51795482635498,184.58104133605957,0.000907570279903821,-0.0008660125732421875
192.168.0.1,2017-02-13 15:40:52.833801,0.0,2.142190933227539,6.446404457092285,87.1121883392334,0.009928014977339451,0.007326192855834961
192.168.0.2,2017-02-13 15:41:41.923441,0.0,1.7774105072021484,2.693500518798828,25.736331939697266,0.023760901307916187,0.0025695514678955077
192.168.0.1,2017-02-13 15:45:53.646502,0.0,1.8987655639648438,5.085115432739258,72.03125953674316,0.012585751660218338,-0.002549924850463867
192.168.0.2,2017-02-13 15:46:42.734916,0.0,1.4908313751220703,2.337069511413574,7.385730743408203,0.027384722485763662,0.001615428924560547
192.168.0.2,2017-02-13 15:50:53.634443,0.0,1.6961097717285156,2.8658676147460938,40.11416435241699,0.022331806141600224,2.9468536376953124e-06
192.168.0.1,2017-02-13 15:51:42.722086,0.0,1.5630722045898438,5.031981468200684,86.2877368927002,0.012718647794004074,-0.0030491065979003904
192.168.0.6,2017-02-13 15:52:31.856815,0.0,2.378225326538086,65.73522567749023,361.90223693847656,0.0009736028033735886,-0.010872526168823242
192.168.0.2,2017-02-13 15:55:53.617947,0.0,1.6980171203613281,2.2516441345214844,10.524988174438477,0.0284236745135577,0.0015472888946533204
192.168.0.1,2017-02-13 15:56:42.706134,0.0,2.1309852600097656,4.251132011413574,66.37334823608398,0.015054813595101439,0.0037644672393798827
192.168.0.2,2017-02-13 16:00:53.356868,0.0,1.2104511260986328,2.1139955520629883,5.078792572021484,0.030274425098739784,0.0016941452026367188
192.168.0.1,2017-02-13 16:01:42.441809,0.0,2.142667770385742,8.991575241088867,126.05595588684082,0.007117773947721499,-0.005064153671264648
192.168.0.6,2017-02-13 16:02:31.528564,0.0,2.4614334106445312,60.33545970916748,117.61736869812012,0.0010607360962938967,-0.004366283416748047
192.168.0.1,2017-02-13 16:05:53.313496,0.0,2.120494842529297,6.628046035766602,122.29752540588379,0.009655937761240631,0.009113502502441407
192.168.0.2,2017-02-13 16:06:42.398337,0.0,1.6303062438964844,2.143564224243164,7.039070129394531,0.029856814774279372,0.0015743350982666015
192.168.0.6,2017-02-13 16:07:31.553032,0.0,2.5386810302734375,62.372164726257324,147.7944850921631,0.0010260987458249528,-0.0019040489196777343
192.168.0.2,2017-02-13 16:10:52.794114,0.0,1.7628669738769531,2.1709394454956055,5.22923469543457,0.029480324811818687,0.0016176605224609375
192.168.0.1,2017-02-13 16:11:41.877409,0.0,1.9268989562988281,5.717754364013672,100.08668899536133,0.0111932055708448,-0.002801523208618164
192.168.0.6,2017-02-13 16:12:30.964960,0.0,2.683877944946289,64.68016147613525,118.21269989013672,0.0009894842334865505,-0.005726394653320313
192.168.0.1,2017-02-13 16:20:53.354830,0.0,1.8928050994873047,3.617534637451172,20.42555809020996,0.017691606691869262,0.00020615577697753905
192.168.0.2,2017-02-13 16:21:42.443112,0.0,1.115560531616211,2.4140071868896484,5.699396133422852,0.026511934325457183,0.0016970348358154297
192.168.0.2,2017-02-13 16:25:53.358426,0.0,1.3475418090820312,2.9268693923950195,12.113809585571289,0.02186636689914941,0.00103302001953125
192.168.0.1,2017-02-13 16:26:42.510456,0.0,2.427339553833008,7.578945159912109,74.79166984558105,0.008444446905160373,0.004736127853393554
192.168.0.1,2017-02-13 16:30:53.248280,0.0,2.126932144165039,7.159900665283203,117.35010147094727,0.00893867149726281,-0.007309770584106446
192.168.0.2,2017-02-13 16:31:42.334425,0.0,1.697540283203125,2.2583913803100586,5.238056182861328,0.02833875499082596,0.0016350364685058594
192.168.0.2,2017-02-13 16:35:53.248560,0.0,1.7228126525878906,2.3400354385375977,10.071516036987305,0.027350013143389282,0.0013434791564941406
192.168.0.1,2017-02-13 16:36:42.338457,0.0,2.082347869873047,7.833919525146484,122.22433090209961,0.008169601410196167,-0.0053073310852050784
192.168.0.6,2017-02-13 16:37:31.454528,0.0,2.8727054595947266,63.154683113098145,147.40490913391113,0.0010133848646724749,-0.0077731704711914065
192.168.0.1,2017-02-13 16:40:53.649315,0.0,2.0940303802490234,5.8840227127075195,95.63231468200684,0.01087691246700687,-0.004208488464355469
192.168.0.4,2017-02-13 16:41:01.666093,100.0,999999999,0.0,0,0.0,0.0
192.168.0.2,2017-02-13 16:41:42.737470,0.0,1.554250717163086,2.1367502212524414,4.495859146118164,0.02995202685061001,0.0018777656555175781
192.168.0.6,2017-02-13 16:41:50.836579,0.0,2.794027328491211,61.33267879486084,117.20514297485352,0.001043489396803628,-0.0046783161163330075
192.168.0.6,2017-02-13 16:42:31.828909,0.0,3.0078887939453125,60.91282367706299,115.45658111572266,0.0010506818784055073,0.0033459186553955076
192.168.0.1,2017-02-13 16:45:53.591303,0.0,1.9021034240722656,6.569147109985352,100.74138641357422,0.009742512829818894,0.0067066001892089845
192.168.0.2,2017-02-13 16:46:42.679463,0.0,1.676321029663086,2.2820091247558594,14.847278594970703,0.02804546191586637,0.0022002410888671874
192.168.0.2,2017-02-13 16:50:53.554358,0.0,1.7108917236328125,3.8973283767700195,64.62764739990234,0.01642150566051125,-0.0011847496032714843
192.168.0.1,2017-02-13 16:51:42.646689,0.0,1.8701553344726562,5.757102966308594,100.13532638549805,0.01111670233701522,0.002848062515258789
192.168.0.2,2017-02-13 16:55:53.547589,0.0,1.7278194427490234,2.3873138427734375,9.685039520263672,0.026808373014604838,0.0015691184997558593
192.168.0.1,2017-02-13 16:56:42.653888,0.0,1.6176700592041016,6.6759490966796875,111.92560195922852,0.009586651886221044,-0.0020513153076171875
192.168.0.6,2017-02-13 16:57:31.743497,0.0,2.2025108337402344,37.75658130645752,115.16714096069336,0.0016950687214113335,0.004892778396606445
192.168.0.2,2017-02-13 17:00:53.465340,0.0,1.737356185913086,2.9969072341918945,42.261362075805664,0.021355349031101183,0.00013097763061523438
192.168.0.1,2017-02-13 17:01:42.555895,0.0,2.1486282348632812,6.518139839172363,126.62887573242188,0.009818752217523206,-0.0013081645965576172
192.168.0.6,2017-02-13 17:02:31.730348,0.0,2.6998519897460938,63.2590913772583,126.71327590942383,0.0010117122868288314,0.0038620948791503905
192.168.0.1,2017-02-13 17:05:53.442869,0.0,2.1469593048095703,4.939155578613281,62.410593032836914,0.012957680514686007,-0.0007916069030761718
192.168.0.2,2017-02-13 17:06:42.532595,0.0,1.7521381378173828,3.447446823120117,34.84320640563965,0.0185644632923088,0.00042680740356445314
192.168.0.2,2017-02-13 17:10:52.712303,0.0,1.7240047454833984,2.325582504272461,9.53984260559082,0.027519986877447663,0.0015230846405029296
192.168.0.1,2017-02-13 17:11:41.789812,0.0,2.1376609802246094,7.022609710693359,129.87112998962402,0.009113421169134163,-0.007107439041137695
192.168.0.2,2017-02-13 17:15:52.712303,0.0,1.5249252319335938,2.6480770111083984,17.97199249267578,0.024168481404251794,0.0009256076812744141
192.168.0.1,2017-02-13 17:16:41.802230,0.0,2.1109580993652344,6.47160530090332,122.62535095214844,0.009889354653793047,-0.005634231567382813
192.168.0.2,2017-02-13 17:20:53.538166,0.0,1.4884471893310547,2.9022932052612305,31.662702560424805,0.022051528041337046,0.003086814880371094
192.168.0.1,2017-02-13 17:21:42.625531,0.0,2.0732879638671875,7.05869197845459,120.49412727355957,0.009066835639711819,0.002825298309326172
192.168.0.2,2017-02-13 17:25:53.337894,0.0,1.7158985137939453,2.809929847717285,29.52289581298828,0.02277636932893252,0.0006123733520507813
192.168.0.1,2017-02-13 17:26:42.428048,0.0,1.827239990234375,6.653852462768555,120.19181251525879,0.009618487989944203,-0.0002979755401611328
192.168.0.2,2017-02-13 17:30:53.129745,0.0,1.7533302307128906,3.436107635498047,62.46185302734375,0.018625726196357502,-0.0009373760223388672
192.168.0.1,2017-02-13 17:31:42.219343,0.0,2.1479129791259766,6.275386810302734,108.44302177429199,0.010198574515745674,-0.004266595840454102
192.168.0.2,2017-02-13 17:35:52.937141,0.0,1.7118453979492188,2.393784523010254,8.397579193115234,0.02673590683906592,0.0013873577117919922
192.168.0.1,2017-02-13 17:36:42.028984,0.0,1.8482208251953125,5.384302139282227,78.51195335388184,0.011886405767067846,-0.00202122688293457
192.168.0.1,2017-02-13 17:40:53.399983,0.0,2.1152496337890625,8.217558860778809,111.45925521850586,0.007788200983319088,-0.008552923202514648
192.168.0.2,2017-02-13 17:41:42.486517,0.0,1.6279220581054688,3.028550148010254,36.77487373352051,0.021132223959391183,0.0030402183532714845
192.168.0.2,2017-02-13 17:45:53.375829,0.0,1.7135143280029297,2.604808807373047,13.134002685546875,0.024569941493918737,0.001085519790649414
192.168.0.1,2017-02-13 17:46:42.466188,0.0,1.9409656524658203,6.120138168334961,119.0633773803711,0.010457280250816915,-0.0018097591400146485
192.168.0.2,2017-02-13 17:50:53.359955,0.0,1.695871353149414,2.5259923934936523,11.83319091796875,0.02533657669154055,0.0012457466125488281
192.168.0.1,2017-02-13 17:51:42.447305,0.0,2.0194053649902344,6.154589653015137,98.71506690979004,0.010398743638196312,0.002447986602783203
192.168.0.2,2017-02-13 17:55:53.369269,0.0,1.6579627990722656,2.7535152435302734,15.019893646240234,0.023243016413428602,0.0015471553802490234
192.168.0.1,2017-02-13 17:56:42.458321,0.0,2.121448516845703,5.27775764465332,92.12565422058105,0.01212636204787383,-0.0037354087829589845
192.168.0.2,2017-02-13 18:00:53.188308,0.0,1.6014575958251953,4.130449295043945,64.76068496704102,0.015494682400966039,0.004292106628417969
192.168.0.7,2017-02-13 18:01:41.270233,100.0,999999999,0.0,0,0.0,0.0
192.168.0.1,2017-02-13 18:01:42.271934,0.0,1.8467903137207031,3.4488916397094727,13.010025024414062,0.018556686230185887,0.001921710968017578
192.168.0.2,2017-02-13 18:05:52.982898,0.0,1.7337799072265625,2.267603874206543,6.64973258972168,0.028223624385186868,0.0017398738861083985
192.168.0.1,2017-02-13 18:06:42.073278,0.0,2.0945072174072266,3.4488677978515625,17.9293155670166,0.018556814511669063,0.00040798187255859376
192.168.0.2,2017-02-13 18:10:53.251440,0.0,1.753091812133789,3.982729911804199,51.69343948364258,0.016069379902040014,0.00028596878051757814
192.168.0.1,2017-02-13 18:11:42.345401,0.0,2.1250247955322266,3.4530162811279297,17.243623733520508,0.01853452019609197,0.0009142494201660156
192.168.0.2,2017-02-13 18:15:53.046016,0.0,1.6162395477294922,4.1750335693359375,59.44061279296875,0.015329218061875262,0.0011067581176757812
192.168.0.1,2017-02-13 18:16:42.141322,0.0,2.120494842529297,5.915017127990723,98.26207160949707,0.010819917950388119,-0.003152780532836914
192.168.0.2,2017-02-13 18:20:53.068307,0.0,1.6930103302001953,2.47283935546875,7.943630218505859,0.025881179809946933,0.0016440868377685547
192.168.0.1,2017-02-13 18:21:42.158275,0.0,2.1257400512695312,5.541653633117676,84.79166030883789,0.011548899342522474,0.0032934284210205077
192.168.0.1,2017-02-13 18:25:52.954593,0.0,2.0928382873535156,5.367865562438965,86.37237548828125,0.011922802323484551,0.006447019577026367
192.168.0.2,2017-02-13 18:26:42.044052,0.0,1.4677047729492188,2.176089286804199,5.861520767211914,0.029410557916026637,0.0018735027313232422
192.168.0.1,2017-02-13 18:30:52.886907,0.0,1.6574859619140625,7.5174760818481445,124.91774559020996,0.008513495660403329,0.00885319709777832
192.168.0.2,2017-02-13 18:31:41.975591,0.0,1.550912857055664,3.124513626098633,25.625944137573242,0.020483187996178605,0.0031194305419921875
192.168.0.2,2017-02-13 18:35:52.760743,0.0,1.5401840209960938,2.285761833190918,6.154298782348633,0.02799941755552728,0.0016735267639160156
192.168.0.1,2017-02-13 18:36:41.848442,0.0,1.9574165344238281,6.924715042114258,111.81068420410156,0.00924225756739002,-0.003558988571166992
192.168.0.2,2017-02-13 18:40:53.025999,0.0,1.708984375,2.218766212463379,7.363080978393555,0.028844859652403028,0.0017299461364746094
192.168.0.1,2017-02-13 18:41:42.223401,0.0,2.088785171508789,26.581878662109375,1109.9202632904053,0.0024076552606956095,-0.04100739479064942
192.168.0.2,2017-02-13 18:45:52.938607,0.0,1.4486312866210938,2.3099136352539062,5.327463150024414,0.027706663583967766,0.0016689300537109375
192.168.0.1,2017-02-13 18:46:42.030327,0.0,1.7862319946289062,5.722060203552246,79.9403190612793,0.011184782704709906,0.0029133033752441408
192.168.0.4,2017-02-13 18:47:31.119739,0.0,2.296924591064453,5.047197341918945,23.48947525024414,0.012680304665017753,0.003063974380493164
192.168.0.2,2017-02-13 18:50:52.835114,0.0,1.7466545104980469,3.402743339538574,48.017263412475586,0.01880835361760745,-0.00034940719604492187
192.168.0.1,2017-02-13 18:51:41.923546,0.0,1.6396045684814453,5.289120674133301,120.44405937194824,0.012100310040758774,0.007099790573120117
192.168.0.2,2017-02-13 18:55:52.637612,0.0,1.7824172973632812,12.04686164855957,488.2533550262451,0.005312586951444936,0.02133596420288086
192.168.0.1,2017-02-13 18:56:41.759228,0.0,2.0971298217773438,24.706945419311523,1035.2237224578857,0.0025903647299911105,-0.04034496307373047
192.168.0.2,2017-02-13 19:00:53.474895,0.0,1.7714500427246094,3.6384105682373047,38.385868072509766,0.017590098423390956,0.0016561126708984374
192.168.0.1,2017-02-13 19:01:42.563534,0.0,1.8863677978515625,4.475235939025879,59.778690338134766,0.01430092197863669,0.003050088882446289
192.168.0.2,2017-02-13 19:05:53.275725,0.0,1.7330646514892578,3.732271194458008,40.184974670410156,0.017147735699118708,0.003406963348388672
192.168.0.1,2017-02-13 19:06:42.362789,0.0,1.894235610961914,6.4116668701171875,90.39163589477539,0.009981803686383703,0.0044591140747070315
192.168.0.2,2017-02-13 19:10:53.545025,0.0,1.7626285552978516,2.9210329055786133,28.1829833984375,0.021910057869520147,0.0022970199584960937
192.168.0.1,2017-02-13 19:11:42.638505,0.0,1.7867088317871094,4.4144487380981445,57.328224182128906,0.014497846457624244,0.0026206016540527345
192.168.0.7,2017-02-13 19:12:41.258766,0.0,2.8083324432373047,508.4939956665039,2583.0559730529785,0.00012586185981628472,-0.2859116363525391
192.168.0.2,2017-02-13 19:15:52.972923,0.0,1.6961097717285156,2.322711944580078,7.147550582885742,0.027553997881373332,0.0016004467010498047
192.168.0.1,2017-02-13 19:16:42.062745,0.0,2.101421356201172,6.512327194213867,122.26557731628418,0.009827516046316487,-7.182121276855469e-05
192.168.0.2,2017-02-13 19:20:52.990704,0.0,1.2693405151367188,2.6006555557250977,8.490324020385742,0.024609179735128724,0.0018364429473876954
192.168.0.1,2017-02-13 19:21:42.080630,0.0,2.095460891723633,6.359195709228516,90.40713310241699,0.010064165804352064,-0.00465794563293457
192.168.0.6,2017-02-13 19:22:31.170024,0.0,2.4209022521972656,39.78352069854736,114.8226261138916,0.0016087062903494328,0.013725757598876953
192.168.0.1,2017-02-13 19:25:52.961485,0.0,2.1140575408935547,5.073976516723633,80.88040351867676,0.012613381198958735,0.0050109481811523434
192.168.0.2,2017-02-13 19:26:42.051365,0.0,1.7011165618896484,2.357926368713379,6.203413009643555,0.027142493018101368,0.0015648174285888671
192.168.0.2,2017-02-13 19:30:52.878532,0.0,0.9844303131103516,3.6426877975463867,53.98702621459961,0.017569444200820235,0.0032480049133300783
192.168.0.1,2017-02-13 19:31:41.965930,0.0,2.1271705627441406,6.947517395019531,116.06073379516602,0.009211923678792039,-0.004832172393798828
192.168.0.2,2017-02-13 19:35:52.879916,0.0,1.4176368713378906,3.3518457412719727,14.646053314208984,0.019093957461095153,0.002994327545166016
192.168.0.1,2017-02-13 19:36:41.969837,0.0,1.847982406616211,6.539878845214844,101.86076164245605,0.00978611401139764,-0.0052271270751953125
192.168.0.6,2017-02-13 19:37:31.055931,0.0,2.2542476654052734,57.15367317199707,130.71823120117188,0.0011197880459476285,0.005874090194702149
192.168.0.2,2017-02-13 19:40:53.237482,0.0,1.7278194427490234,4.013776779174805,65.89221954345703,0.01594508203148203,0.00039872169494628904
192.168.0.1,2017-02-13 19:41:42.332743,0.0,2.074718475341797,6.341719627380371,70.37901878356934,0.010091899951502118,0.005099906921386719
192.168.0.2,2017-02-13 19:45:52.968023,0.0,1.71661376953125,3.4737730026245117,23.054838180541992,0.01842377148755736,0.0027434444427490235
192.168.0.1,2017-02-13 19:46:42.058595,0.0,2.0685195922851562,6.424779891967773,83.21166038513184,0.009961430753450786,-0.0012082672119140625
192.168.0.6,2017-02-13 19:47:31.237303,0.0,2.5815963745117188,72.49653339385986,415.6792163848877,0.0008828008320384119,0.02020578384399414
192.168.0.2,2017-02-13 19:50:52.963344,0.0,1.7957687377929688,3.648242950439453,29.74104881286621,0.017542691336466725,0.0015609169006347656
192.168.0.1,2017-02-13 19:51:42.052572,0.0,2.083301544189453,6.666865348815918,102.8287410736084,0.009599713906231338,0.0036741447448730468
192.168.0.2,2017-02-13 19:55:52.770833,0.0,1.7304420471191406,3.452162742614746,23.101091384887695,0.018539102809366673,0.0038486289978027343
192.168.0.1,2017-02-13 19:56:41.862198,0.0,2.0904541015625,5.872750282287598,89.83922004699707,0.010897790119397047,-0.002655963897705078
192.168.0.8,2017-02-13 19:57:31.065293,0.0,2.708911895751953,61.779327392578125,117.8429126739502,0.001035945237689471,0.004233770370483399
192.168.0.1,2017-02-13 20:00:52.794668,0.0,2.116680145263672,6.433863639831543,96.14253044128418,0.009947366556509069,0.0012197589874267578
192.168.0.2,2017-02-13 20:01:41.883275,0.0,1.4023780822753906,2.386136054992676,10.53166389465332,0.026821605526679178,0.002157602310180664
192.168.0.8,2017-02-13 20:02:30.998396,0.0,4.000425338745117,62.68254280090332,126.71709060668945,0.0010210179284411178,0.012662372589111327
192.168.0.2,2017-02-13 20:05:52.720984,0.0,1.7459392547607422,3.72556209564209,22.72486686706543,0.017178615832188885,0.0020290756225585936
192.168.0.1,2017-02-13 20:06:41.810304,0.0,2.1064281463623047,6.8593549728393555,106.77766799926758,0.009330323369094848,-0.003335247039794922
192.168.0.8,2017-02-13 20:07:30.931994,0.0,2.557992935180664,66.22724056243896,122.79033660888672,0.0009663697212276401,-0.0015003299713134766
192.168.0.2,2017-02-13 20:10:53.120323,0.0,1.169443130493164,4.045758247375488,75.04987716674805,0.01581903714625491,-0.0006722354888916015
192.168.0.1,2017-02-13 20:11:42.209696,0.0,2.0804405212402344,19.377007484436035,468.87993812561035,0.0033028835877472805,0.006403989791870117
192.168.0.1,2017-02-13 20:15:53.205743,0.0,1.8665790557861328,6.7009782791137695,103.6996841430664,0.00955084426993013,0.008391695022583008
192.168.0.2,2017-02-13 20:16:42.338606,0.0,1.558065414428711,4.106740951538086,48.8128662109375,0.015584133685381413,0.004442205429077148
192.168.0.2,2017-02-13 20:20:53.126934,0.0,1.7158985137939453,5.199151039123535,69.79990005493164,0.012309702010655382,-0.00015889167785644533
192.168.0.1,2017-02-13 20:21:42.217355,0.0,2.0751953125,7.043452262878418,112.11085319519043,0.009086453291847171,-0.0040713691711425784
192.168.0.6,2017-02-13 20:22:31.367901,0.0,2.262115478515625,42.22480297088623,117.20848083496094,0.0015156968297549583,-0.025826768875122072
192.168.0.2,2017-02-13 20:25:53.074843,0.0,1.6353130340576172,15.06032943725586,204.0855884552002,0.004249575035302908,-0.013101806640625
192.168.0.1,2017-02-13 20:26:42.162426,0.0,1.9037723541259766,6.559357643127441,96.82750701904297,0.009757052974090522,-0.0032459449768066405
192.168.0.6,2017-02-13 20:27:31.252127,0.0,2.2852420806884766,49.272427558898926,178.2071590423584,0.0012989008898231396,-0.01842212677001953
192.168.0.2,2017-02-13 20:30:52.965050,0.0,1.642465591430664,3.481292724609375,31.98719024658203,0.018383975454744687,0.001777200698852539
192.168.0.1,2017-02-13 20:31:42.059524,0.0,2.1038055419921875,5.957775115966797,93.71781349182129,0.010742265150035697,-0.002479133605957031
192.168.0.2,2017-02-13 20:35:52.780405,0.0,1.5187263488769531,3.0054140090942383,16.630887985229492,0.0212949030670447,0.0012178611755371094
192.168.0.1,2017-02-13 20:36:41.872537,0.0,2.071380615234375,7.051572799682617,104.04229164123535,0.009075989402375674,-0.005643396377563476
192.168.0.1,2017-02-13 20:40:53.055228,0.0,2.1753311157226562,5.874471664428711,98.97685050964355,0.010894596766469205,-0.003770875930786133
192.168.0.2,2017-02-13 20:41:42.142195,0.0,1.714944839477539,2.4784326553344727,6.141901016235352,0.02582277144478755,0.0021360492706298828
192.168.0.2,2017-02-13 20:45:53.056921,0.0,1.7006397247314453,2.866358757019043,10.701179504394531,0.02232797965128369,0.0014944839477539062
192.168.0.1,2017-02-13 20:46:42.143604,0.0,2.083301544189453,4.384288787841797,22.830486297607422,0.014597578557662609,0.0014829349517822266
192.168.0.1,2017-02-13 20:50:52.936479,0.0,2.0904541015625,6.080870628356934,80.84630966186523,0.010524808684721675,0.0032028865814208982
192.168.0.2,2017-02-13 20:51:42.031434,0.0,1.8000602722167969,3.4759998321533203,30.40337562561035,0.018411968668120775,0.0010227298736572266
192.168.0.1,2017-02-13 20:55:52.868312,0.0,2.1305084228515625,6.71626091003418,108.16502571105957,0.009529111637754153,0.007178010940551757
192.168.0.2,2017-02-13 20:56:41.948286,0.0,1.7085075378417969,2.884979248046875,25.99930763244629,0.022183868408525945,0.0024064159393310546
192.168.0.2,2017-02-13 21:00:52.659013,0.0,1.615285873413086,3.5430002212524414,18.541812896728516,0.01806378662245078,0.0024790668487548826
192.168.0.1,2017-02-13 21:01:41.747936,0.0,2.1200180053710938,5.264453887939453,93.39714050292969,0.012157006474426559,-0.0026701545715332032
192.168.0.2,2017-02-13 21:05:53.572464,0.0,1.7120838165283203,2.6703834533691406,7.600545883178711,0.023966595478732904,0.0017764472961425781
192.168.0.1,2017-02-13 21:06:42.659628,0.0,1.9600391387939453,7.16221809387207,115.80467224121094,0.00893577927412708,0.0033138179779052734
192.168.0.2,2017-02-13 21:10:52.942964,0.0,1.45721435546875,3.2877349853515625,50.82106590270996,0.019466289188499294,0.0038277721405029297
192.168.0.1,2017-02-13 21:11:42.030126,0.0,2.032041549682617,4.770855903625488,83.17852020263672,0.013414783697693501,-0.0024025726318359377
192.168.0.2,2017-02-13 21:15:52.757977,0.0,1.6980171203613281,3.3570003509521484,24.16229248046875,0.01906463905547333,0.0031679344177246095
192.168.0.1,2017-02-13 21:16:41.839492,0.0,2.1376609802246094,5.8145904541015625,100.12316703796387,0.011006794116489313,-0.0035204315185546876
192.168.0.2,2017-02-13 21:20:52.812236,0.0,1.6810894012451172,3.3067941665649414,23.047685623168945,0.019354092446123565,0.0016492557525634765
192.168.0.1,2017-02-13 21:21:41.900083,0.0,2.0189285278320312,4.680380821228027,56.07962608337402,0.013674100985485159,0.004197273254394531
192.168.0.2,2017-02-13 21:25:53.615537,0.0,1.7080307006835938,4.367184638977051,27.713298797607422,0.014654750208818986,0.002144002914428711
192.168.0.1,2017-02-13 21:26:42.705793,0.0,1.8630027770996094,7.149944305419922,109.40146446228027,0.008951118675356064,0.003686065673828125
192.168.0.2,2017-02-13 21:30:53.416818,0.0,1.7123222351074219,4.106998443603516,87.42690086364746,0.015583156623708348,-0.0016973209381103515
192.168.0.1,2017-02-13 21:31:42.505688,0.0,2.1178722381591797,6.978054046630859,102.60367393493652,0.00917161139370946,-0.0033021640777587892
192.168.0.2,2017-02-13 21:35:53.431895,0.0,1.359701156616211,5.121045112609863,121.16312980651855,0.012497448976266364,-0.0029406833648681643
192.168.0.1,2017-02-13 21:36:42.521333,0.0,2.1169185638427734,5.24416446685791,50.88162422180176,0.012204041350050602,0.001735677719116211
192.168.0.2,2017-02-13 21:40:52.704298,0.0,1.4467239379882812,2.6272058486938477,22.34363555908203,0.024360481700289493,0.001063232421875
192.168.0.1,2017-02-13 21:41:41.795031,0.0,1.859903335571289,6.338067054748535,96.39334678649902,0.01009771582521372,0.004313468933105469
192.168.0.2,2017-02-13 21:45:53.513473,0.0,1.7125606536865234,2.442598342895508,7.877826690673828,0.026201606246949734,0.0020976543426513674
192.168.0.1,2017-02-13 21:46:42.654022,0.0,1.9724369049072266,7.916254997253418,110.64982414245605,0.008084630929929,-0.0008508872985839844
192.168.0.2,2017-02-13 21:50:53.505961,0.0,1.4753341674804688,3.8872480392456055,63.14444541931152,0.01646408959599615,0.003558025360107422
192.168.0.1,2017-02-13 21:51:42.591825,0.0,1.9109249114990234,5.68577766418457,83.45341682434082,0.011256155935034897,0.002096700668334961
192.168.0.2,2017-02-13 21:55:53.313057,0.0,1.4786720275878906,2.3751163482666016,11.016607284545898,0.026946048367991842,0.0011078834533691407
192.168.0.1,2017-02-13 21:56:42.497397,0.0,2.0494461059570312,27.52694606781006,1096.6670513153076,0.00232499456504699,-0.0331074333190918
192.168.0.2,2017-02-13 22:00:53.277983,0.0,1.4801025390625,4.978971481323242,42.57464408874512,0.01285406036971133,0.0016498565673828125
192.168.0.1,2017-02-13 22:01:42.370299,0.0,1.504659652709961,7.380132675170898,77.4228572845459,0.008671930819796269,0.0021982383728027344
192.168.0.2,2017-02-13 22:05:53.249909,0.0,1.3751983642578125,4.405393600463867,36.872148513793945,0.014527646290960495,0.00021151542663574218
192.168.0.1,2017-02-13 22:06:42.338858,0.0,1.6198158264160156,8.33949089050293,104.1269302368164,0.007674329385368554,-0.00410165786743164
192.168.0.6,2017-02-13 22:07:31.429207,0.0,1.833200454711914,21.81375026702881,263.97705078125,0.0029339292518047733,0.006952219009399414
192.168.0.2,2017-02-13 22:10:53.653562,0.0,1.6694068908691406,4.340810775756836,70.55163383483887,0.014743789422343887,-0.001518688201904297
192.168.0.1,2017-02-13 22:11:43.095632,0.0,1.5370845794677734,37.316975593566895,1351.9833087921143,0.001715037164239886,-0.03529653549194336
192.168.0.6,2017-02-13 22:12:32.184215,0.0,2.402067184448242,44.529314041137695,117.26975440979004,0.0014372554659358692,-0.007413148880004883
192.168.0.2,2017-02-13 22:15:52.960743,0.0,1.6217231750488281,2.5862741470336914,13.159990310668945,0.024746023182965482,0.001216135025024414
192.168.0.1,2017-02-13 22:16:42.044343,0.0,1.6372203826904297,7.863731384277344,129.27770614624023,0.008138629980159405,-0.003424243927001953
192.168.0.6,2017-02-13 22:17:31.124175,0.0,2.3946762084960938,53.203887939453125,124.04131889343262,0.001202919607545092,0.002059326171875
192.168.0.2,2017-02-13 22:20:52.908046,0.0,1.4557838439941406,3.2151317596435547,24.571895599365234,0.01990587160480644,0.0013470458984375
192.168.0.1,2017-02-13 22:21:41.993672,0.0,2.0067691802978516,6.192522048950195,93.32966804504395,0.010335045962549262,-0.004039897918701172
192.168.0.6,2017-02-13 22:22:31.075021,0.0,2.2275447845458984,15.72497844696045,107.9096794128418,0.004069957883622463,0.011465721130371094
192.168.0.2,2017-02-13 22:25:52.866138,0.0,1.5337467193603516,2.320723533630371,13.358592987060547,0.027577606325163196,0.001289348602294922
192.168.0.1,2017-02-13 22:26:41.946539,0.0,2.0821094512939453,7.257142066955566,112.77580261230469,0.008818898598032896,-0.007407665252685547
192.168.0.6,2017-02-13 22:27:31.027038,0.0,2.2459030151367188,13.427743911743164,100.92353820800781,0.004766251160332983,0.0003131771087646484
192.168.0.2,2017-02-13 22:30:52.787768,0.0,1.6489028930664062,2.598400115966797,25.41065216064453,0.024630540772658208,0.0025750732421875
192.168.0.1,2017-02-13 22:31:41.870318,0.0,2.0444393157958984,6.562905311584473,123.1226921081543,0.009751778665316227,-0.006379079818725586
192.168.0.2,2017-02-13 22:35:52.806866,0.0,1.6713142395019531,3.016653060913086,32.37318992614746,0.02121556529958681,-2.0742416381835938e-05
192.168.0.1,2017-02-13 22:36:41.886448,0.0,2.0706653594970703,6.422009468078613,96.53401374816895,0.009965728066599693,-0.0043366336822509765
192.168.0.6,2017-02-13 22:37:30.985655,0.0,2.3529529571533203,7.874746322631836,85.21842956542969,0.008127245929950214,0.008127450942993164
192.168.0.2,2017-02-13 22:40:53.282607,0.0,1.5861988067626953,2.988152503967285,17.02713966369629,0.02141791622583821,0.0006072330474853516
192.168.0.1,2017-02-13 22:41:42.364131,0.0,2.047300338745117,5.567331314086914,107.54871368408203,0.011495633435370013,-0.001389780044555664
192.168.0.6,2017-02-13 22:42:31.444952,0.0,2.2652149200439453,5.794024467468262,47.73283004760742,0.01104586291606829,0.0023879241943359376
192.168.0.2,2017-02-13 22:45:53.169700,0.0,1.6350746154785156,2.693667411804199,10.501384735107422,0.02375942914093216,0.0010695552825927734
192.168.0.1,2017-02-13 22:46:42.281784,0.0,1.7125606536865234,6.231379508972168,92.9865837097168,0.010270598975371418,0.004089803695678711
192.168.0.6,2017-02-13 22:47:31.438227,0.0,2.347230911254883,5.222592353820801,80.90424537658691,0.012254450599265743,0.003803586959838867
192.168.0.1,2017-02-13 22:50:53.370304,0.0,1.3942718505859375,26.980738639831543,1105.7851314544678,0.002372062561160468,0.04597063064575195
192.168.0.2,2017-02-13 22:51:42.450150,0.0,1.5976428985595703,2.593808174133301,22.56011962890625,0.024674145389099587,0.0010925006866455078
192.168.0.2,2017-02-13 22:55:53.208194,0.0,1.642465591430664,3.3307504653930664,19.58012580871582,0.01921488885612068,0.0013964462280273437
192.168.0.1,2017-02-13 22:56:42.341128,0.0,1.9176006317138672,7.952442169189453,117.6457405090332,0.008047842239954717,0.005467967987060547
192.168.0.2,2017-02-13 23:00:53.212893,0.0,1.4472007751464844,2.959728240966797,35.909175872802734,0.02162360689544063,0.0027347373962402343
192.168.0.1,2017-02-13 23:01:42.293708,0.0,1.7511844635009766,6.778388023376465,111.81306838989258,0.00944177284913238,0.0006258010864257813
192.168.0.6,2017-02-13 23:02:31.399419,0.0,2.4099349975585938,11.786231994628906,70.99604606628418,0.005430064504853237,-0.0014002609252929687
192.168.0.2,2017-02-13 23:05:53.169439,0.0,1.688241958618164,2.4659013748168945,11.907577514648438,0.025953998263516246,0.0017121124267578125
192.168.0.1,2017-02-13 23:06:42.281939,0.0,2.0411014556884766,7.028846740722656,87.83984184265137,0.009105334397064969,2.3298263549804687e-05
192.168.0.6,2017-02-13 23:07:31.502073,0.0,2.4385452270507812,20.60739040374756,141.7367458343506,0.0031056819299333156,0.014373416900634766
192.168.0.2,2017-02-13 23:10:53.703205,0.0,1.714468002319336,2.5369739532470703,12.539863586425781,0.025226904642866543,0.0016744327545166015
192.168.0.1,2017-02-13 23:11:42.782426,0.0,1.86920166015625,5.359926223754883,99.91264343261719,0.011940462858678112,-0.0009456920623779297
192.168.0.6,2017-02-13 23:12:31.863417,0.0,2.4259090423583984,26.62436008453369,115.59009552001953,0.00240381364272406,0.005465965270996093
192.168.0.2,2017-02-13 23:15:53.703851,0.0,1.6896724700927734,2.339506149291992,12.060403823852539,0.02735620080304914,0.0015875625610351563
192.168.0.1,2017-02-13 23:16:42.786432,0.0,2.069711685180664,4.811968803405762,66.59460067749023,0.013300169351618155,0.002906503677368164
192.168.0.6,2017-02-13 23:17:31.864796,0.0,2.3941993713378906,15.46055793762207,76.44987106323242,0.004139566001318811,0.005109167098999024
192.168.0.2,2017-02-13 23:20:53.652353,0.0,1.5723705291748047,3.1447839736938477,19.354820251464844,0.020351159423146616,0.001828012466430664
192.168.0.1,2017-02-13 23:21:42.735868,0.0,2.0761489868164062,5.782952308654785,118.0727481842041,0.011067011551213623,-0.0045318603515625
192.168.0.1,2017-02-13 23:25:53.642632,0.0,2.0265579223632812,6.039628982543945,83.50205421447754,0.010596677409320372,-0.0033593177795410156
192.168.0.2,2017-02-13 23:26:42.721566,0.0,1.6405582427978516,2.52596378326416,21.72398567199707,0.025336863665280433,0.0020498180389404296
192.168.0.6,2017-02-13 23:27:31.804021,0.0,2.286672592163086,20.043277740478516,102.77056694030762,0.0031930905128729737,0.012568817138671876
192.168.0.7,2017-02-13 23:30:52.574921,100.0,999999999,0.0,0,0.0,0.0
192.168.0.2,2017-02-13 23:30:53.576985,0.0,1.6560554504394531,3.9940452575683594,40.9243106842041,0.01602385448154993,0.0005464935302734375
192.168.0.6,2017-02-13 23:31:41.704010,0.0,2.2275447845458984,20.376667976379395,96.24290466308594,0.003140847172569564,-0.0007607746124267578
192.168.0.1,2017-02-13 23:31:42.654511,0.0,1.7325878143310547,6.824707984924316,96.24743461608887,0.009377690612019606,0.0035913944244384765
192.168.0.6,2017-02-13 23:32:31.736457,0.0,2.1915435791015625,17.466626167297363,104.39276695251465,0.0036641306333003642,-0.0023595619201660155
192.168.0.2,2017-02-13 23:35:53.494677,0.0,1.4646053314208984,3.4121274948120117,37.08600997924805,0.018756626209691506,0.0033119964599609376
192.168.0.1,2017-02-13 23:36:42.597634,0.0,2.0444393157958984,6.751613616943359,112.1516227722168,0.00947921543368392,0.004359464645385742
192.168.0.6,2017-02-13 23:37:31.681812,0.0,2.2318363189697266,20.937142372131348,115.01836776733398,0.0030567686297623894,0.004275045394897461
192.168.0.2,2017-02-13 23:40:53.018800,0.0,1.4050006866455078,3.592400550842285,18.257856369018555,0.017815385309690582,0.003084096908569336
192.168.0.1,2017-02-13 23:41:42.098310,0.0,1.9466876983642578,6.108059883117676,107.78450965881348,0.010477958832213204,0.0032070064544677734
192.168.0.8,2017-02-13 23:42:31.252653,0.0,3.475189208984375,68.72149467468262,119.78006362915039,0.000931295227249735,0.002138214111328125
192.168.0.6,2017-02-13 23:43:20.385507,0.0,15.452146530151367,69.18302536010742,127.66647338867188,0.000925082412439626,0.0035140132904052735
192.168.0.2,2017-02-13 23:45:53.158954,0.0,1.705169677734375,2.8493452072143555,20.479202270507812,0.02246130087641055,0.0009634780883789062
192.168.0.1,2017-02-13 23:46:42.282437,0.0,2.1028518676757812,8.126411437988281,125.16570091247559,0.007875554971388872,-0.003599395751953125
192.168.0.1,2017-02-13 23:50:53.164024,0.0,2.090930938720703,5.726056098937988,104.30455207824707,0.011176977468290973,0.006781654357910156
192.168.0.2,2017-02-13 23:51:42.245710,0.0,1.6994476318359375,2.554316520690918,7.255315780639648,0.025055626223913947,0.0013138866424560547
192.168.0.1,2017-02-13 23:55:53.141957,0.0,2.058267593383789,25.971198081970215,1118.6046600341797,0.002464268294362216,-0.03981226921081543
192.168.0.2,2017-02-13 23:56:42.278019,0.0,1.4421939849853516,3.6232519149780273,57.73329734802246,0.017663690381403724,0.0035251045227050783