IP Address,Timestamp,Packet Loss,Min RTT,Ave RTT,Max RTT,Bandwidth, Packet Delay Variation
192.168.0.2,00:52.8,0,1.510381699,2.292251587,5.040645599,0.027920146,0.001861601
192.168.0.1,01:41.9,0,2.110719681,5.365195274,113.2969856,0.011928736,0.006235914
192.168.0.2,05:53.6,0,1.6746521,2.519402504,8.731842041,0.025402848,0.002140493
192.168.0.1,06:42.7,0,2.130031586,5.185079575,72.681427,0.012343109,0.003116674
192.168.0.2,10:52.9,0,1.621723175,2.308440208,7.935523987,0.027724348,0.001403437
192.168.0.1,11:42.0,0,2.092123032,7.497653961,119.412899,0.008536003,-0.004047585
192.168.0.2,15:52.7,0,1.376628876,4.091305733,58.62545967,0.015642928,-0.000195723
192.168.0.1,16:41.8,0,2.049684525,5.961594582,66.30301476,0.010735383,-0.000195131
192.168.0.2,20:52.8,0,1.683473587,2.935528755,16.44945145,0.021801864,0.000854626
192.168.0.1,21:41.9,0,2.120733261,6.893467903,101.4273167,0.009284151,-0.001984453
192.168.0.2,25:52.8,0,1.519680023,2.547535896,9.032011032,0.025122315,0.001512985
192.168.0.1,26:41.9,0,1.910448074,5.34040451,74.54824448,0.011984111,-0.001579514
192.168.0.2,30:53.6,0,1.667737961,2.4949646,9.298086166,0.025651667,0.001201448
192.168.0.1,31:42.6,0,2.066612244,9.368844032,120.0265884,0.006831152,-0.001682014
192.168.0.2,35:53.4,0,1.685142517,2.266778946,6.196975708,0.028233896,0.001707115
192.168.0.1,36:42.6,0,2.018451691,27.51670837,1123.824835,0.00232586,0.043758345
192.168.0.2,40:52.8,0,1.875162125,3.086118698,21.19088173,0.020738023,0.003064127
192.168.0.1,41:41.9,0,2.1443367,7.92406559,122.3316193,0.008076662,-0.003607874
192.168.0.2,45:52.8,0,1.263618469,3.761668205,53.11322212,0.017013728,0.004229956
192.168.0.1,46:41.9,0,2.152919769,7.535481453,102.5459766,0.008493153,-0.000529909
192.168.0.2,50:53.6,0,1.756191254,2.997713089,20.27463913,0.021349608,0.001460466
192.168.0.1,51:42.8,0,1.968860626,31.59506321,1129.524946,0.002025633,-0.037734098
192.168.0.2,55:53.4,0,1.652002335,4.107518196,58.49599838,0.015581185,-0.000892687
192.168.0.1,56:42.5,0,2.052545547,5.759358406,95.69621086,0.011112349,0.006322708
192.168.0.2,00:53.2,0,1.711606979,2.710046768,16.63184166,0.023615829,0.00263711
192.168.0.1,01:42.3,0,2.140522003,5.19452095,124.6552467,0.012320674,-0.003319149
192.168.0.2,05:53.1,0,1.700878143,3.517961502,49.84474182,0.018192354,0.002969837
192.168.0.1,06:42.2,0,2.044916153,7.220182419,107.3055267,0.008864042,0.001315002
192.168.0.2,10:53.6,0,1.774549484,2.855391502,14.2288208,0.022413739,0.001480579
192.168.0.1,11:42.7,0,2.002239227,6.765880585,92.3845768,0.009459227,0.001378336
192.168.0.2,15:53.4,0,1.713514328,4.183487892,61.4593029,0.01529824,0.004540691
192.168.0.1,16:42.5,0,2.110719681,5.76376915,99.86710548,0.011103845,6.23E-05
192.168.0.2,20:53.3,0,1.522064209,2.402787209,6.385564804,0.026635734,0.001284828
192.168.0.1,21:42.4,0,2.061128616,7.095370293,105.3388119,0.009019966,0.002210312
192.168.0.2,25:53.2,0,1.432418823,2.443518639,23.50735664,0.026191738,0.000815878
192.168.0.1,26:42.3,0,2.133369446,5.728735924,89.62130547,0.011171749,-0.003671999
192.168.0.2,30:53.1,0,1.562595367,3.044929504,20.49136162,0.021018549,0.001403255
192.168.0.1,31:42.2,0,2.094745636,7.772526741,139.1773224,0.008234131,0.00342082
192.168.0.2,35:53.0,0,1.769304276,3.392505646,36.87953949,0.018865112,0.000658436
192.168.0.1,36:42.1,0,2.111673355,5.155229568,78.05657387,0.012414578,-0.003110342
192.168.0.2,40:53.3,0,1.629114151,3.061313629,20.30873299,0.020906058,0.002023191
192.168.0.1,41:42.4,0,2.133846283,6.333246231,103.3682823,0.010105402,0.005344372
192.168.0.2,45:53.1,0,1.702308655,4.551091194,58.43067169,0.014062562,0.000161638
192.168.0.1,46:42.2,0,2.093553543,4.937214851,87.79597282,0.012962774,0.00475194
192.168.0.2,50:52.9,0,1.430273056,2.549371719,9.650468826,0.025104225,0.002044477
192.168.0.2,55:53.6,0,1.753330231,25.33984661,1023.672581,0.002525666,-0.03526123
192.168.0.1,56:42.8,0,1.629590988,28.40365887,1117.240191,0.002253231,-0.034430723
192.168.0.2,00:53.6,0,1.733779907,2.929987907,12.82906532,0.021843094,0.002339039
192.168.0.1,01:42.7,0,2.133846283,5.647592545,76.31516457,0.011332262,0.003395281
192.168.0.2,05:53.4,0,1.696109772,2.533011436,8.333444595,0.025266368,0.001407022
192.168.0.1,10:53.7,0,2.101182938,5.655493736,86.49921417,0.01131643,0.000460958
192.168.0.2,11:42.7,0,1.697301865,4.053487778,67.14296341,0.015788872,0.004883327
192.168.0.2,15:53.5,0,1.434803009,3.007507324,42.95015335,0.021280081,-0.000103455
192.168.0.1,16:42.6,0,1.928806305,6.749529839,120.8209991,0.009482142,0.00293231
192.168.0.2,20:53.3,0,1.718521118,2.84265995,10.28323174,0.022514124,0.002443933
192.168.0.1,21:42.4,0,1.931428909,5.954360962,91.99929237,0.010748425,0.002240906
192.168.0.2,25:53.0,0,1.740694046,2.740750313,24.50799942,0.02335127,0.000325804
192.168.0.1,26:42.1,0,2.11930275,7.061543465,118.3965206,0.009063174,-0.00494916
192.168.0.2,30:53.1,0,1.789569855,2.711582184,8.547067642,0.023602456,0.00192461
192.168.0.1,31:42.1,0,1.686573029,5.988183022,96.78030014,0.010687716,0.000139294
192.168.0.4,35:03.7,100,999999999,0,0,0,0
192.168.0.2,35:52.8,0,1.485824585,4.117479324,46.87857628,0.01554349,-0.001594639
192.168.0.1,36:41.9,0,2.144575119,6.220169067,100.9252071,0.010289109,-0.003646717
192.168.0.2,40:53.1,0,1.708745956,2.183642387,4.789829254,0.029308828,0.001683302
192.168.0.1,41:42.2,0,2.152442932,6.588206291,100.9361744,0.009714328,-0.001186705
192.168.0.1,45:52.9,0,2.098321915,5.935611725,90.93236923,0.010782376,0.006576662
192.168.0.2,46:42.0,0,1.738548279,2.458839417,7.400989532,0.02602854,0.001688175
192.168.0.2,50:52.9,0,1.718759537,2.534108162,10.45966148,0.025255433,0.00100872
192.168.0.1,51:42.0,0,1.997232437,7.074360847,85.03699303,0.009046754,-0.000741873
192.168.0.2,55:52.7,0,1.619577408,4.034085274,69.06676292,0.015864811,-0.001629772
192.168.0.1,56:41.8,0,2.098321915,7.315363884,110.3432178,0.00874871,-0.005373688
192.168.0.2,00:53.5,0,1.721143723,3.178019524,22.2196579,0.020138328,0.000535393
192.168.0.1,01:42.6,0,2.172708511,3.970870972,46.70119286,0.016117371,0.004203053
192.168.0.2,05:53.3,0,1.715898514,2.759580612,15.31291008,0.02319193,0.002096395
192.168.0.1,06:42.5,0,1.946687698,26.86151028,1093.965292,0.002382591,-0.033827276
192.168.0.2,10:52.7,0,1.552581787,2.557301521,13.27800751,0.02502638,0.002300911
192.168.0.1,11:41.8,0,2.055168152,6.996011734,91.00723267,0.009148069,-0.005257835
192.168.0.2,15:52.7,0,1.502752304,4.691977501,110.8057499,0.013640304,-0.002327013
192.168.0.1,16:41.7,0,1.682043076,5.427575111,86.4276886,0.011791638,-0.003065748
192.168.0.2,20:53.5,0,1.711606979,2.758574486,14.9037838,0.023200389,0.001067514
192.168.0.1,21:42.6,0,2.104759216,5.833158493,108.4721088,0.010971757,-0.000175076
192.168.0.2,25:53.4,0,1.420974731,2.876124382,41.17274284,0.022252167,0.003387547
192.168.0.1,26:42.5,0,1.87921524,5.117487907,88.48047256,0.012506136,0.006867018
192.168.0.2,30:53.5,0,1.64937973,2.357048988,12.35699654,0.027152596,0.002096357
192.168.0.1,31:42.6,0,2.135038376,5.089554787,96.61626816,0.012574774,-0.000537767
192.168.0.2,35:53.3,0,1.249313354,2.125916481,4.753112793,0.030104663,0.001641226
192.168.0.1,36:43.4,0,2.13265419,44.41011429,2035.672903,0.001441113,-0.039557972
192.168.0.2,40:52.6,0,1.728534698,2.574305534,8.508205414,0.024861074,0.001835442
192.168.0.1,41:41.7,0,2.11930275,8.289232254,128.3786297,0.00772086,-0.006109962
192.168.0.2,45:53.4,0,1.661539078,3.089675903,37.02163696,0.020714147,0.003054314
192.168.0.1,46:42.5,0,1.920461655,5.255951881,73.9569664,0.012176672,0.006330318
192.168.0.2,50:53.4,0,1.46985054,2.986865044,21.52347565,0.021427148,0.001787395
192.168.0.1,51:42.5,0,2.114057541,7.559866905,114.0124798,0.008465758,0.004742298
192.168.0.1,55:53.2,0,2.074241638,5.90098381,76.3399601,0.010845649,0.004029188
192.168.0.2,56:42.3,0,1.311063766,2.59929657,20.652771,0.024622046,0.002502089
192.168.0.2,00:53.0,0,1.728773117,2.972002029,21.58880234,0.021534306,0.002199535
192.168.0.1,01:42.1,0,2.149820328,6.958355904,107.3698997,0.009197575,-0.005640926
192.168.0.1,05:52.8,0,2.03537941,5.808372498,92.10681915,0.011018577,0.00802762
192.168.0.2,06:41.9,0,1.579999924,2.77472496,19.19746399,0.023065349,0.000921221
192.168.0.2,10:53.3,0,1.669406891,3.18379879,24.3062973,0.020101773,0.001142473
192.168.0.1,11:42.4,0,2.117872238,8.254685402,124.6511936,0.007753173,0.000609741
192.168.0.2,15:53.1,0,1.642465591,4.508256912,121.481657,0.014196174,0.006359777
192.168.0.1,16:42.2,0,1.731157303,5.365109444,66.43843651,0.011928927,0.003745384
192.168.0.5,20:04.0,100,999999999,0,0,0,0
192.168.0.2,20:53.1,0,1.539468765,2.30278492,7.874965668,0.027792435,0.001905479
192.168.0.2,25:52.8,0,1.726865768,3.00383091,40.69232941,0.021306126,0.003079548
192.168.0.1,26:41.9,0,1.883745193,5.323586464,88.1755352,0.012021971,-0.00296608
192.168.0.4,30:48.6,100,999999999,0,0,0,0
192.168.0.2,30:53.6,0,1.675844193,2.2935009,6.008863449,0.027904938,0.001757574
192.168.0.1,31:42.7,0,1.947164536,7.546749115,92.51332283,0.008480473,0.002313232
192.168.0.2,40:53.5,0,1.693725586,3.056178093,26.24297142,0.020941188,0.000236826
192.168.0.1,41:42.6,0,2.091646194,6.109380722,88.77706528,0.010475694,0.006138172
192.168.0.1,45:53.5,0,2.080202103,6.934022903,104.0813923,0.009229851,-0.007153425
192.168.0.2,46:42.6,0,1.491069794,2.656106949,19.69337463,0.024095415,0.000953674
192.168.0.2,50:53.5,0,1.534938812,3.026499748,21.11721039,0.021146541,0.001876364
192.168.0.5,51:41.6,100,999999999,0,0,0,0
192.168.0.1,51:42.6,0,2.14099884,5.169467926,121.7329502,0.012380384,0.005989504
192.168.0.2,55:53.3,0,1.523733139,2.843503952,23.14805984,0.022507442,0.000700521
192.168.0.1,56:42.4,0,2.086162567,5.558772087,77.36372948,0.011513334,-0.000751114
192.168.0.5,00:04.0,100,999999999,0,0,0,0
192.168.0.2,00:53.1,0,1.539945602,2.408618927,6.778478622,0.026571243,0.001740789
192.168.0.1,01:42.1,0,2.047300339,6.378846169,113.8491631,0.010033162,0.000233316
192.168.0.2,05:52.8,0,1.136064529,2.966589928,45.3953743,0.021573592,-5.99E-05
192.168.0.1,06:41.9,0,1.971006393,6.594820023,114.0093803,0.009704586,-0.0055793
192.168.0.2,10:53.3,0,1.551628113,2.614245415,11.10696793,0.024481252,0.000855446
192.168.0.1,11:42.4,0,2.082109451,6.272668839,98.28567505,0.010202994,0.001220942
192.168.0.2,15:53.3,0,1.740455627,2.70720005,23.29087257,0.023640661,0.002526455
192.168.0.1,16:42.4,0,2.068758011,3.677725792,33.81896019,0.017402059,0.000539074
192.168.0.2,20:53.2,0,1.663923264,2.232313156,4.474878311,0.028669813,0.00197094
192.168.0.1,21:42.2,0,2.106904984,5.164704323,101.9263268,0.012391803,-0.003014688
192.168.0.2,25:52.9,0,1.721143723,2.50187397,15.50936699,0.025580825,0.001063328
192.168.0.1,26:42.0,0,2.099752426,6.485843658,98.06108475,0.009867645,-0.001790638
192.168.0.2,30:52.7,0,1.670122147,2.760181427,16.90888405,0.023186882,0.002199202
192.168.0.1,31:41.9,0,2.13265419,27.48613834,1076.774359,0.002328446,-0.040161238
192.168.0.2,35:53.6,0,1.562833786,2.396254539,9.854793549,0.026708348,0.001717577
192.168.0.1,36:42.7,0,2.109050751,6.083240509,81.80236816,0.010520708,0.007622318
192.168.0.2,40:52.9,0,1.703500748,2.695999146,23.22840691,0.02373888,0.001012192
192.168.0.1,41:42.0,0,2.066373825,8.792848587,120.7678318,0.007278642,-0.001451883
192.168.0.2,45:52.9,0,1.689910889,3.889670372,65.70911407,0.016453836,-0.000767603
192.168.0.1,46:42.0,0,2.094984055,5.388946533,102.0057201,0.011876162,-0.001241331
192.168.0.1,50:52.9,0,1.940727234,3.925991058,64.60380554,0.016301616,0.004645786
192.168.0.2,51:42.0,0,1.307964325,4.570503235,83.9908123,0.014002834,0.004536533
192.168.0.2,55:52.7,0,1.725435257,4.205899239,91.55702591,0.015216722,-0.002257833
192.168.0.1,56:41.8,0,2.133846283,6.860527992,105.5085659,0.009328728,-0.004073696
192.168.0.2,00:53.5,0,1.687526703,2.368822098,8.499622345,0.027017647,0.001422529
192.168.0.1,01:42.6,0,2.116203308,5.77457428,95.09730339,0.011083068,0.006469707
192.168.0.1,10:53.4,0,2.018690109,5.310997963,82.08537102,0.012050466,-0.001371527
192.168.0.2,11:42.4,0,1.746177673,3.633961678,53.41053009,0.017611633,0.003384953
192.168.0.2,15:53.1,0,1.730203629,4.091777802,62.90268898,0.015641123,0.000190182
192.168.0.1,16:42.3,0,2.009391785,26.42572403,1076.632023,0.002421883,-0.042442055
192.168.0.1,20:53.2,0,1.850605011,5.790257454,68.94350052,0.011053049,0.000101767
192.168.0.2,21:42.3,0,1.524448395,2.484526634,15.01226425,0.025759434,0.002222376
192.168.0.2,25:53.0,0,1.709938049,4.194979668,77.36444473,0.015256331,-0.002088881
192.168.0.1,26:42.1,0,2.116680145,4.986162186,88.86766434,0.012835523,-0.000745745
192.168.0.1,30:52.8,0,2.132177353,6.133098602,95.63326836,0.010435182,0.006564112
192.168.0.2,31:41.9,0,1.722812653,3.083958626,39.82925415,0.020752548,0.003086367
192.168.0.2,35:52.8,0,1.60241127,3.011684418,37.82320023,0.021250567,0.002616158
192.168.0.1,36:41.9,0,2.037525177,5.089726448,77.58879662,0.01257435,-0.003384342
192.168.0.2,40:53.1,0,1.755475998,2.387237549,7.827043533,0.02680923,0.001867895
192.168.0.1,41:42.2,0,2.116441727,6.208806038,84.48576927,0.01030794,-0.000415077
192.168.0.2,45:52.8,0,1.722335815,2.902526855,34.81578827,0.022049753,0.000462351
192.168.0.1,46:41.9,0,1.896381378,4.959578514,79.21266556,0.012904322,-0.003085976
192.168.0.2,50:52.6,0,1.748085022,2.948551178,19.71745491,0.021705575,0.002591906
192.168.0.1,51:41.7,0,2.149343491,6.603937149,86.38358116,0.009691189,-0.002714252
192.168.0.2,55:52.6,0,1.611948013,2.295541763,5.004882813,0.027880129,0.001565037
192.168.0.1,56:41.7,0,2.105951309,6.099452972,86.0915184,0.010492744,0.001971283
192.168.0.2,00:52.6,0,1.45816803,2.262835503,5.05900383,0.028283099,0.001181068
192.168.0.3,01:24.7,100,999999999,0,0,0,0
192.168.0.1,01:41.7,0,1.809358597,4.386258125,45.57013512,0.014591025,0.000427732
192.168.0.2,05:53.4,0,1.742124557,3.241782188,49.67880249,0.019742227,0.00361249
192.168.0.1,06:42.5,0,2.140522003,3.903183937,33.84494781,0.01639687,0.002843704
192.168.0.2,10:52.6,0,1.58405304,3.149466515,14.50610161,0.020320902,0.001918335
192.168.0.1,11:41.7,0,2.101421356,4.520916939,21.20161057,0.01415642,0.001984568
192.168.0.4,12:34.1,0,2.868890762,139.2171001,3003.386974,0.000459714,0.093244104
192.168.0.1,20:53.5,0,2.191543579,8.03686142,135.0929737,0.007963308,-0.005257883
192.168.0.2,21:42.6,0,1.274824142,2.632808685,15.09928703,0.024308641,0.001074648
192.168.0.4,22:31.8,0,2.881765366,83.7080574,293.705225,0.000764562,0.018415174
192.168.0.2,25:53.5,0,1.613140106,3.303041458,53.21097374,0.019376081,-0.000421381
192.168.0.1,26:42.5,0,2.139806747,5.610775948,89.55049515,0.011406622,0.005590525
192.168.0.2,30:53.5,0,1.493930817,2.756357193,12.34054565,0.023219052,0.001358767
192.168.0.1,31:42.6,0,1.961946487,7.179088593,114.4599915,0.008914781,0.0021597
192.168.0.2,35:53.4,0,1.69634819,3.302145004,57.36088753,0.019381341,0.00403862
192.168.0.4,36:41.5,100,999999999,0,0,0,0
192.168.0.1,36:42.5,0,2.119541168,6.748166084,109.8330021,0.009484058,0.008098516
192.168.0.2,40:52.7,0,1.754045486,2.561593056,6.689548492,0.024984452,0.001526585
192.168.0.1,41:41.8,0,2.113103867,4.614276886,57.46173859,0.013869996,0.002968016
192.168.0.2,45:52.7,0,1.540660858,3.001580238,36.58556938,0.021322102,0.000483541
192.168.0.1,46:41.8,0,2.114534378,5.494446754,98.01411629,0.011648125,-0.003907681
192.168.0.1,50:53.5,0,2.081394196,6.114654541,122.1842766,0.010466658,0.004592686
192.168.0.2,51:42.6,0,1.714944839,2.253375053,5.487442017,0.028401841,0.001694012
192.168.0.2,55:53.3,0,1.546859741,2.16132164,4.818916321,0.029611511,0.001671181
192.168.0.1,56:42.4,0,2.013683319,5.241389275,97.1262455,0.012210503,0.007532454
192.168.0.2,00:53.3,0,1.604318619,3.090281487,14.60528374,0.020710088,0.001690121
192.168.0.1,01:42.5,0,1.931905746,26.91944122,1070.649624,0.002377464,0.039495506
192.168.0.2,05:53.2,0,1.608133316,2.660441399,19.80400085,0.024056159,0.000632429
192.168.0.1,06:42.3,0,2.039909363,5.753121376,116.0423756,0.011124396,-0.001585627
192.168.0.2,10:53.5,0,1.626729965,2.464671135,9.526491165,0.025966953,0.00112422
192.168.0.4,11:41.6,100,999999999,0,0,0,0
192.168.0.1,11:42.6,0,2.056837082,5.153384209,67.08145142,0.012419024,0.000632544
192.168.0.1,15:53.3,0,1.834392548,4.707379341,77.71229744,0.013595675,-0.000221167
192.168.0.2,16:42.4,0,1.635551453,2.239661217,5.888462067,0.02857575,0.001815042
192.168.0.4,17:31.5,0,2.807617188,61.04239941,262.8571987,0.001048452,0.007071667
192.168.0.2,25:52.8,0,1.400709152,3.50672245,55.76229095,0.01825066,-0.000164461
192.168.0.3,25:55.8,100,999999999,0,0,0,0
192.168.0.1,26:41.9,0,2.068996429,4.175758362,46.70953751,0.015326557,0.001679792
192.168.0.4,27:31.1,0,2.903461456,91.0961628,226.3350487,0.000702554,-0.018111191
192.168.0.2,30:52.8,0,1.695871353,2.032957077,3.916501999,0.031481235,0.001915531
192.168.0.1,31:41.9,0,2.121448517,5.893650055,109.6208096,0.010859145,-0.001151428
192.168.0.4,32:31.0,0,2.735853195,80.31297684,140.8350468,0.000796882,-0.00305521
192.168.0.2,35:52.7,0,1.792669296,3.338155746,55.08470535,0.019172263,-0.000442028
192.168.0.1,36:41.8,0,1.989126205,25.46195507,1014.914036,0.002513554,-0.042984076
192.168.0.4,37:31.0,0,2.84075737,76.78491116,142.9080963,0.000833497,-0.004362383
192.168.0.2,40:53.2,0,1.705169678,2.464957237,15.76423645,0.025963939,0.002636366
192.168.0.1,41:42.3,0,2.165555954,5.094308853,91.76158905,0.012563039,-0.001241026
192.168.0.4,42:31.5,0,2.897977829,99.75771427,326.7583847,0.000641554,-0.001327705
192.168.0.2,45:53.2,0,1.730203629,7.231683731,91.12262726,0.008849945,0.001903715
192.168.0.1,46:42.3,0,2.100229263,26.55721664,1007.077694,0.002409891,0.044093437
192.168.0.4,47:31.4,0,2.684593201,59.471488,238.638401,0.001076146,-0.015659466
192.168.0.2,50:53.2,0,1.425981522,2.096505165,4.675865173,0.030526994,0.001595297
192.168.0.1,51:42.3,0,2.038478851,7.184028625,123.5125065,0.00890865,0.003158827
192.168.0.4,52:31.4,0,2.724409103,50.33522606,248.6817837,0.001271475,-0.015511503
192.168.0.2,55:53.1,0,1.700639725,3.261384964,50.6310463,0.019623565,0.003281469
192.168.0.1,56:42.3,0,1.924276352,26.42309189,1079.304934,0.002422124,0.048887577
192.168.0.2,00:53.0,0,1.730442047,2.17915535,5.709409714,0.029369177,0.001780939
192.168.0.1,01:42.1,0,2.102375031,6.685352325,119.931221,0.009573168,-0.003724928
192.168.0.2,05:52.8,0,1.754999161,3.320431709,52.37770081,0.019274602,0.003667154
192.168.0.1,06:41.9,0,2.12430954,25.86030483,1033.880472,0.002474835,-0.043468304
192.168.0.2,10:53.3,0,1.558303833,2.376480103,7.962226868,0.026930585,0.001471539
192.168.0.1,11:42.4,0,1.950263977,4.570713043,77.7130127,0.014002192,0.004849253
192.168.0.2,20:53.0,0,1.732110977,2.608971596,7.603645325,0.024530739,0.001615982
192.168.0.1,21:42.2,0,1.706361771,27.16490746,1100.067854,0.002355981,0.050270548
192.168.0.2,25:53.0,0,1.528501511,2.387785912,11.4607811,0.026803073,0.001340227
192.168.0.1,26:42.1,0,2.069950104,11.25474453,367.3782349,0.005686491,-0.012082882
192.168.0.3,27:31.2,0,4.060745239,49.91927147,115.8783436,0.00128207,0.008209467
192.168.0.2,30:52.7,0,1.706600189,2.856254578,35.16483307,0.022406966,0.000189304
192.168.0.1,31:41.8,0,1.970052719,5.108566284,62.11972237,0.012527977,0.003323822
192.168.0.2,35:52.7,0,1.538038254,3.659152985,60.15372276,0.017490387,-0.000468874
192.168.0.1,36:41.8,0,1.665115356,5.098958015,77.84223557,0.012551584,-0.000561066
192.168.0.2,40:53.0,0,1.725196838,2.200760841,4.138708115,0.029080852,0.001837282
192.168.0.1,41:42.1,0,2.051830292,6.274971962,100.9542942,0.010199249,0.006322308
192.168.0.2,45:52.8,0,1.425981522,2.958102226,38.50269318,0.021635493,0.003230743
192.168.0.1,46:41.9,0,2.093076706,2.635817528,9.433746338,0.024280892,0.001411877
192.168.0.4,47:31.8,0,2.686977386,104.6428823,1806.908369,0.000611604,-0.018736601
192.168.0.2,50:53.6,0,1.650810242,2.55048275,7.141828537,0.025093289,0.000820971
192.168.0.1,51:42.7,0,2.051591873,20.26347637,106.6174507,0.003158392,-0.000371733
192.168.0.2,55:53.6,0,1.695156097,2.677059174,15.45619965,0.023906831,0.001355877
192.168.0.1,56:42.6,0,2.100467682,15.78386784,191.088438,0.004054773,0.003337402
192.168.0.2,00:53.4,0,1.52182579,2.054033279,4.342079163,0.03115821,0.001448021
192.168.0.1,01:42.5,0,2.059698105,5.174102783,64.20755386,0.012369294,0.005330601
192.168.0.4,02:31.6,0,3.19314003,92.31390476,191.2658215,0.000693287,-0.006347017
192.168.0.1,05:53.3,0,1.888513565,6.689047813,164.4766331,0.009567879,-0.006965103
192.168.0.2,06:42.4,0,1.714468002,3.837628365,27.53305435,0.016676967,0.002231417
192.168.0.2,45:53.3,0,1.41787529,2.923703194,45.14598846,0.021890047,0.003388348
192.168.0.1,46:42.4,0,2.062797546,6.652989388,112.0114326,0.009619736,0.009110231
192.168.0.5,46:45.5,100,999999999,0,0,0,0
192.168.0.6,47:31.6,0,2.403259277,65.50038338,136.9395256,0.000977094,-0.000270395
192.168.0.2,50:53.2,0,1.590251923,2.390546799,8.48197937,0.026772118,0.001199093
192.168.0.1,51:42.3,0,1.930713654,5.633831024,107.8875065,0.011359943,0.007223063
192.168.0.6,52:31.4,0,2.619504929,61.57371044,117.0465946,0.001039405,0.003074503
192.168.0.2,55:53.2,0,1.466274261,2.282276154,8.961677551,0.028042181,0.000844584
192.168.0.1,56:42.3,0,2.046346664,5.708332062,91.20202065,0.011211681,0.0068081
192.168.0.6,57:31.5,0,2.439260483,67.56759644,154.7832489,0.0009472,0.008680744
192.168.0.2,00:53.6,0,1.524209976,2.304329872,12.91394234,0.027773801,0.000913076
192.168.0.1,01:42.8,0,2.131223679,26.62611961,1111.050606,0.002403655,0.048744087
192.168.0.4,02:32.0,0,2.756357193,80.52770138,144.2716122,0.000794758,0.005690804
192.168.0.6,03:21.1,0,17.00162888,68.11338425,156.9187641,0.00093961,-0.000803051
192.168.0.3,05:16.1,100,999999999,0,0,0,0
192.168.0.2,05:53.1,0,1.629829407,2.845201492,46.85425758,0.022494013,-0.000612459
192.168.0.1,06:42.3,0,2.042531967,25.8652544,1083.69112,0.002474362,0.046102591
192.168.0.6,07:31.4,0,16.07489586,65.76108456,191.3354397,0.00097322,0.004489946
192.168.0.2,10:53.9,0,1.436233521,1.907124519,4.04381752,0.033558375,0.001393013
192.168.0.1,11:43.0,0,1.960277557,7.936840057,96.24528885,0.008063663,-0.002371874
192.168.0.1,15:54.4,0,1.565694809,4.350018501,37.76168823,0.014712581,0.003015566
192.168.0.2,16:43.4,0,1.546859741,2.121348381,9.90486145,0.030169491,0.001148138
192.168.0.6,17:34.4,0,22.44663239,186.3334227,1841.920137,0.00034347,-0.061641283
192.168.0.1,25:54.0,0,2.130031586,9.783806801,130.0547123,0.006541421,0.010730534
192.168.0.2,26:43.1,0,1.746177673,7.77794838,70.62530518,0.008228391,-0.000436192
192.168.0.4,27:32.3,0,3.219127655,86.33140087,182.315588,0.000741329,0.005150337
192.168.0.6,28:25.1,0,22.25971222,183.8708639,3003.394127,0.00034807,0.088478708
192.168.0.5,29:14.3,0,3.286600113,86.09148979,142.5523758,0.000743395,0.003304672
192.168.0.2,30:53.3,0,1.629114151,3.147006035,15.88773727,0.02033679,0.002164297
192.168.0.1,31:42.5,0,1.818180084,6.051621437,95.6466198,0.010575678,0.006358576
192.168.0.2,35:53.0,0,1.403093338,2.333493233,8.110523224,0.027426692,0.000932693
192.168.0.1,36:42.1,0,1.98674202,4.437761307,85.35766602,0.014421686,0.004198866
192.168.0.6,37:33.0,0,2.485513687,136.1179543,2047.434092,0.00047018,0.023863945
192.168.0.2,40:53.1,0,1.638650894,4.696469307,28.6693573,0.013627258,0.001058712
192.168.0.1,41:42.1,0,1.984357834,8.510704041,118.1869507,0.007519942,0.00437499
192.168.0.6,42:31.3,0,2.483844757,69.35092926,117.3865795,0.000922843,-0.001899023
192.168.0.1,45:53.2,0,1.753330231,5.637969971,77.37398148,0.011351604,-0.002069101
192.168.0.5,46:01.2,100,999999999,0,0,0,0
192.168.0.2,46:42.3,0,1.63269043,2.443685532,10.18667221,0.026189949,0.001711349
192.168.0.4,47:31.4,0,2.936601639,82.95831203,240.1437759,0.000771472,0.010924196
192.168.0.6,48:20.5,0,2.494096756,63.8856411,196.4447498,0.00100179,0.015249577
192.168.0.2,50:53.2,0,1.700401306,2.719182968,26.70264244,0.023536482,0.00283515
192.168.0.1,51:42.3,0,1.651525497,21.51141167,819.0066814,0.002975165,0.037593517
192.168.0.6,52:31.4,0,2.42805481,68.14326286,261.6848946,0.000939198,-0.003789139
192.168.0.2,55:53.2,0,1.427412033,5.333557129,104.1843891,0.011999496,-0.001074648
192.168.0.1,56:42.3,0,2.076625824,6.036381721,83.35232735,0.010602378,-0.002924175
192.168.0.6,57:31.4,0,2.223730087,64.21607971,117.9311275,0.000996635,-0.002141953
192.168.0.2,00:53.3,0,1.553297043,7.330951691,244.8582649,0.008730108,-0.008514156
192.168.0.1,01:42.4,0,1.950025558,5.378503799,96.19903564,0.01189922,0.007374821
192.168.0.2,05:53.5,0,1.303195953,3.345069885,52.64472961,0.019132635,0.003619499
192.168.0.1,06:42.6,0,1.826524734,7.496395111,137.075901,0.008537437,0.010330696
192.168.0.1,10:53.2,0,2.012252808,25.51988125,1087.819815,0.002507849,-0.040410366
192.168.0.2,11:42.3,0,1.630544662,2.636666298,34.66844559,0.024273075,0.002532444
192.168.0.6,12:31.4,0,3.266572952,64.43907261,116.4343357,0.000993186,0.007394476
192.168.0.2,15:53.2,0,1.666069031,3.672790527,65.06204605,0.017425442,0.003168831
192.168.0.1,16:42.3,0,1.857280731,5.13279438,126.6932487,0.012468842,0.006283016
192.168.0.6,17:31.4,0,16.49641991,64.68808651,146.0132599,0.000989363,-0.003328133
192.168.0.2,20:53.4,0,1.421689987,2.408542633,10.12659073,0.026572085,0.00092473
192.168.0.1,21:42.5,0,2.01010704,7.184281349,97.55706787,0.008908337,0.001321926
192.168.0.4,22:31.7,0,2.669811249,84.18576717,146.197319,0.000760224,0.001922541
192.168.0.6,23:20.7,0,2.299308777,55.01888275,107.6083183,0.001163237,-0.009822054
192.168.0.2,25:53.6,0,1.164913177,3.056564331,30.07888794,0.020938542,-6.09E-05
192.168.0.1,26:42.7,0,2.012968063,3.42353344,18.76926422,0.018694136,0.001376572
192.168.0.6,27:31.8,0,2.386569977,60.04717827,169.6107388,0.001065829,0.005419331
192.168.0.4,28:21.1,0,2.931594849,81.97389126,140.7716274,0.000780736,-0.000498981
192.168.0.1,30:53.0,0,2.024650574,4.251484871,15.87843895,0.015053564,-2.70E-05
192.168.0.2,31:42.1,0,1.231193542,4.855027199,108.982563,0.013182212,0.005726166
192.168.0.4,32:31.2,0,2.645492554,80.08321762,215.369463,0.000799169,0.006954594
192.168.0.2,35:52.8,0,1.486301422,2.708454132,21.34132385,0.023629715,0.000706139
192.168.0.1,36:41.9,0,2.100229263,6.823015213,120.7728386,0.009380017,-0.005453672
192.168.0.2,40:53.1,0,1.694440842,2.841229439,21.78883553,0.02252546,0.002026033
192.168.0.1,41:42.2,0,2.126693726,7.338662148,107.4619293,0.008720936,0.002462282
192.168.0.6,42:31.3,0,14.90426064,134.9524069,857.6819897,0.000474241,-0.065828342
192.168.0.2,45:53.1,0,1.633644104,3.723888397,81.70056343,0.017186337,-0.001587105
192.168.0.1,46:42.2,0,2.063035965,5.155353546,88.17696571,0.01241428,0.007069416
192.168.0.2,50:53.1,0,1.514434814,10.55366516,325.0541687,0.006064244,-0.010350008
192.168.0.1,51:42.2,0,2.029418945,6.965065002,96.60959244,0.009188715,0.004193935
192.168.0.6,52:31.4,0,20.58696747,100.468483,1038.476467,0.000637016,-0.058370304
192.168.0.1,55:53.2,0,2.080917358,6.175193787,79.18715477,0.010364047,0.007289286
192.168.0.2,56:42.3,0,1.647233963,2.68081665,17.20690727,0.023873322,0.00067708
192.168.0.6,57:33.4,0,15.53177834,199.3050051,2961.17425,0.000321116,0.049206057
192.168.0.4,58:25.2,0,2.813100815,132.3934984,3002.277851,0.000483407,0.093309097
192.168.0.2,00:52.9,0,1.718044281,2.338833809,7.365226746,0.027364065,0.001986609
192.168.0.1,01:41.9,0,2.241134644,6.4656353,117.4407005,0.009898486,0.004368591
192.168.0.6,02:34.5,0,16.42107964,200.6126308,3003.448486,0.000319023,0.268003855
192.168.0.2,05:53.2,0,1.744747162,3.304953575,47.35445976,0.019364871,0.003780966
192.168.0.1,06:42.3,0,2.057313919,5.563697815,101.0839939,0.011503141,-0.002372398
192.168.0.6,07:31.5,0,18.67198944,88.32849026,1050.081968,0.000724568,-0.029446955
192.168.0.4,08:25.5,0,3.241539001,142.96381,3003.357887,0.000447666,0.138043432
192.168.0.2,10:52.7,0,1.695871353,2.366518974,6.42156601,0.027043941,0.001677017
192.168.0.1,11:41.8,0,2.104997635,5.621347427,87.63861656,0.011385171,-0.003022394
192.168.0.2,15:52.7,0,1.317024231,2.695007324,23.2899189,0.023747616,0.002594347
192.168.0.1,16:41.8,0,2.096414566,6.346206665,98.35243225,0.010084765,0.003782988
192.168.0.6,17:31.1,0,15.59472084,71.20467186,215.4741287,0.000898817,0.011828842
192.168.0.2,20:53.6,0,1.690387726,2.123522758,4.157304764,0.030138599,0.001904392
192.168.0.1,21:42.7,0,1.983165741,27.47524738,1094.868183,0.002329369,0.051430264
192.168.0.6,22:34.4,0,18.41306686,160.7191896,3003.386021,0.00039821,0.126875029
192.168.0.2,25:53.6,0,1.688957214,3.149123192,48.79498482,0.020323117,0.003699484
192.168.0.1,26:42.6,0,1.981019974,6.371335983,100.9063721,0.010044989,0.007127266
192.168.0.6,27:36.8,0,15.79427719,175.771122,3003.382206,0.00036411,0.21772294
192.168.0.4,28:26.6,0,3.186225891,127.7227879,1660.857916,0.000501085,0.063368511
192.168.0.2,30:53.3,0,1.425027847,2.402348518,12.41612434,0.026640598,0.002233438
192.168.0.1,31:42.4,0,1.846551895,5.178861618,87.22853661,0.012357928,0.006533794
192.168.0.2,35:53.3,0,1.693964005,3.610725403,50.94265938,0.01772497,-0.000179367
192.168.0.1,36:42.4,0,2.070188522,4.935603142,78.62925529,0.012967007,0.006283684
192.168.0.4,37:31.7,0,45.60351372,122.0205879,302.0458221,0.000524502,0.006855593
192.168.0.6,38:20.9,0,2.506971359,61.69908047,115.6177521,0.001037293,-0.004982777
192.168.0.5,45:15.9,100,999999999,0,0,0,0
192.168.0.2,45:53.0,0,1.491785049,2.999358177,11.26694679,0.021337898,0.001403666
192.168.0.6,46:05.0,0,2.335071564,58.46566677,115.021944,0.00109466,-0.006654644
192.168.0.1,46:42.1,0,2.114534378,5.422272682,91.4785862,0.011803169,-0.003348455
192.168.0.4,46:54.2,0,28.29480171,90.94781876,144.1118717,0.0007037,0.002129745
192.168.0.6,47:31.3,0,2.340078354,63.31793308,158.6642265,0.001010772,0.00205864
192.168.0.2,50:52.9,0,1.202821732,2.283859253,6.542205811,0.028022743,0.001818161
192.168.0.1,51:42.0,0,2.09903717,6.757268906,130.4638386,0.009471282,0.010145512
192.168.0.2,55:52.8,0,1.705408096,2.247052193,5.086183548,0.028481759,0.001522875
192.168.0.1,56:41.8,0,2.098321915,6.714234352,103.0056477,0.009531988,-0.004450636
192.168.0.6,57:31.0,0,2.5203228,53.07513237,116.3656712,0.001205838,0.005187302
192.168.0.2,00:52.8,0,1.152038574,2.196669579,8.213996887,0.029135014,0.001517859
192.168.0.1,01:41.8,0,1.878499985,8.531608582,115.8180237,0.007501516,0.008906355
192.168.0.6,02:31.0,0,2.180576324,52.83262253,117.7401543,0.001211373,0.001558914
192.168.0.4,03:22.4,0,3.033161163,173.264246,2510.613918,0.000369378,0.166488247
192.168.0.2,05:53.1,0,1.826524734,4.008593559,87.99219131,0.015965699,-0.001998129
192.168.0.1,06:42.2,0,2.021789551,5.010552406,86.97509766,0.012773043,0.006034365
192.168.0.6,07:31.4,0,2.486228943,66.31184578,116.4906025,0.000965137,0.006480093
192.168.0.4,08:20.7,0,32.95040131,101.7474747,237.2174263,0.000629008,0.012869453
192.168.0.2,10:53.3,0,1.754760742,31.90128803,1471.13657,0.002006189,-0.037861013
192.168.0.1,11:42.4,0,2.092123032,5.278673172,94.92206573,0.012124259,0.006241693
192.168.0.2,15:52.9,0,1.658916473,3.160476685,53.39598656,0.02025011,-0.00048892
192.168.0.1,16:41.9,0,2.092599869,6.237888336,90.43598175,0.010259882,-0.002443314
192.168.0.6,17:31.1,0,2.427577972,59.39739227,115.7817841,0.001077488,0.011014719
192.168.0.2,20:52.8,0,1.7182827,2.258963585,6.324291229,0.028331577,0.001716919
192.168.0.5,20:59.8,100,999999999,0,0,0,0
192.168.0.1,21:41.9,0,2.060413361,6.803655624,111.6497517,0.009406708,-0.000528421
192.168.0.2,25:52.8,0,1.685619354,2.335729599,4.816055298,0.027400432,0.001551266
192.168.0.1,26:41.8,0,2.09403038,6.842536926,119.2445755,0.009353256,-0.006012669
192.168.0.2,30:53.5,0,1.20306015,2.637872696,13.03577423,0.024261974,0.001296101
192.168.0.1,31:42.6,0,2.083301544,4.376597404,71.90704346,0.014623232,0.005291853
192.168.0.6,32:31.8,0,2.351045609,63.67808819,117.5582409,0.001005055,0.004148331
192.168.0.2,35:53.5,0,1.368284225,3.499350548,58.98451805,0.018289108,-0.00013505
192.168.0.1,36:42.6,0,2.081871033,5.800533295,93.38951111,0.011033468,0.006963243
192.168.0.2,40:52.9,0,1.259326935,2.770996094,18.05472374,0.023096388,0.000280695
192.168.0.1,41:42.0,0,2.088308334,5.048723221,115.6871319,0.012676472,0.005992002
192.168.0.4,42:31.2,0,2.927780151,70.51197052,190.6187534,0.000907647,0.001048803
192.168.0.2,45:52.9,0,1.637458801,3.49811554,54.84843254,0.018295565,0.003427048
192.168.0.5,46:00.9,100,999999999,0,0,0,0
192.168.0.1,46:42.0,0,2.102375031,5.389795303,83.63747597,0.011874291,0.00682909
192.168.0.6,47:31.2,0,2.615451813,68.60193729,221.1863995,0.000932918,0.010329876
192.168.0.4,48:20.4,0,24.23977852,97.11127758,240.7209873,0.000659038,0.016893148
192.168.0.2,50:53.1,0,1.756906509,2.35057354,5.683898926,0.027227397,0.002032509
192.168.0.1,51:42.2,0,2.08735466,6.658287048,140.2127743,0.009612082,0.009309702
192.168.0.4,52:31.4,0,19.49930191,83.29852104,144.3872452,0.000768321,3.60E-05
192.168.0.6,53:20.6,0,2.450704575,58.49998474,167.391777,0.001094017,0.005105095
192.168.0.2,55:53.3,0,1.272439957,4.013819695,63.25030327,0.015944912,-0.0005408
192.168.0.1,56:42.3,0,2.082586288,5.317516327,95.16477585,0.012035694,0.007274256
192.168.0.2,00:53.3,0,1.72328949,2.573866844,13.90194893,0.024865311,0.001187429
192.168.0.1,01:42.4,0,2.112150192,26.52993202,1103.364944,0.00241237,0.049395552
192.168.0.2,05:53.3,0,1.468658447,4.226861,58.40945244,0.01514126,0.000481243
192.168.0.5,06:29.3,100,999999999,0,0,0,0
192.168.0.1,06:42.4,0,1.828193665,4.45997715,82.25607872,0.014349849,-0.002070169
192.168.0.6,07:18.5,0,2.633094788,54.06416416,116.0531044,0.001183779,-0.000226774
192.168.0.6,07:31.4,0,2.640247345,59.00268555,188.7283325,0.001084696,0.006482811
192.168.0.6,10:54.7,0,8.859872818,103.0640459,2143.13817,0.000620973,-0.040926371
192.168.0.4,11:43.9,0,3.55386734,119.0870571,328.0677795,0.000537422,0.006125793
192.168.0.2,15:53.6,0,1.718044281,4.163198471,64.99099731,0.015372796,-0.000805063
192.168.0.1,16:42.7,0,2.1276474,6.386480331,118.5867786,0.010021169,0.009354057
192.168.0.1,20:52.7,0,1.8658638,5.979204178,91.59564972,0.010703766,0.005985546
192.168.0.2,21:41.8,0,1.495599747,3.231077194,56.65636063,0.019807636,0.004019308
192.168.0.6,22:31.0,0,17.99249649,66.5793848,117.1052456,0.000961259,0.007299757
192.168.0.2,25:52.7,0,1.514196396,2.110152245,4.642486572,0.030329565,0.001731348
192.168.0.1,26:41.8,0,2.089977264,3.557887077,16.89600945,0.017988204,0.000540791
192.168.0.6,27:33.1,0,16.310215,121.6785336,2187.696934,0.000525976,0.093437185
192.168.0.1,30:52.8,0,2.108097076,4.616537094,35.43496132,0.013863205,0.005435762
192.168.0.2,31:41.9,0,1.574039459,3.893742561,63.13586235,0.016436629,-0.000974274
192.168.0.6,32:31.0,0,20.84374428,79.86827374,525.8088112,0.000801319,0.028096762
192.168.0.2,35:52.7,0,1.737594604,2.765784264,30.94029427,0.02313991,0.002830887
192.168.0.1,36:41.8,0,2.129793167,3.31788063,13.63682747,0.019289422,6.07E-05
192.168.0.6,37:33.7,0,18.98002625,125.7436085,3003.386736,0.000508972,-0.006895256
192.168.0.2,40:52.8,0,1.753807068,2.410264015,8.413791656,0.026553108,0.001583815
192.168.0.1,41:41.9,0,2.060651779,5.125164986,50.49061775,0.012487403,0.000485916
192.168.0.6,42:40.0,0,17.8501606,183.4397316,3003.448963,0.000348888,0.127065935
192.168.0.2,45:52.6,0,1.758575439,3.488335609,54.25643921,0.018346859,0.00350049
192.168.0.1,46:41.7,0,2.127885818,3.660635948,23.9443779,0.017483301,0.003125257
192.168.0.6,47:34.0,0,17.39811897,193.7255144,2611.416101,0.000330364,0.043618574
192.168.0.2,50:52.7,0,1.434087753,2.123265266,4.029273987,0.030142254,0.001920757
192.168.0.1,51:41.8,0,1.80721283,24.71216202,1013.360023,0.002589818,0.040242586
192.168.0.6,52:38.4,0,17.24624634,193.5450029,3003.384829,0.000330672,0.064443455
192.168.0.2,55:53.1,0,1.697063446,2.284083366,8.199691772,0.028019993,0.001710396
192.168.0.1,56:42.2,0,2.126693726,3.135871887,13.11969757,0.020408997,0.001604004
192.168.0.2,00:52.9,0,1.695394516,2.321810722,5.734443665,0.027564693,0.001570997
192.168.0.1,01:42.0,0,2.122879028,4.182076454,41.64409637,0.015303403,3.93E-05
192.168.0.6,02:46.3,0,18.48387718,343.3845425,3003.389359,0.00018638,0.228335733
192.168.0.2,05:53.0,0,1.763343811,2.373743057,6.860494614,0.026961638,0.001659813
192.168.0.1,06:42.1,0,2.089500427,3.796582222,13.40031624,0.016857267,0.002195206
192.168.0.2,10:53.5,0,1.663446426,2.287998199,4.176855087,0.02797205,0.001883221
192.168.0.1,11:42.6,0,2.09403038,4.820008278,50.73904991,0.013277985,0.003626289
192.168.0.6,12:35.5,0,17.57097244,219.9802637,2575.137377,0.000290935,0.106163778
192.168.0.2,15:53.2,0,1.733779907,3.458948135,63.22336197,0.018502735,-0.000939131
192.168.0.1,16:42.2,0,2.102375031,3.468127251,17.56763458,0.018453763,0.002664051
192.168.0.6,17:34.3,0,19.92726326,178.0283451,3003.372431,0.000359493,-0.029750948
192.168.0.2,20:53.0,0,1.745939255,2.373685837,6.376743317,0.026962288,0.002012682
192.168.0.1,21:42.0,0,2.07734108,3.074369431,13.83733749,0.020817277,0.001672974
192.168.0.6,22:32.0,0,17.9567337,122.049427,1464.626789,0.000524378,0.016239614
192.168.0.2,25:52.9,0,1.725673676,3.074641228,24.7836113,0.020815437,0.002722912
192.168.0.1,26:42.0,0,1.960277557,2.827620506,7.511138916,0.022633872,0.002328615
192.168.0.6,27:31.2,0,16.09039307,70.43910503,176.6080856,0.000908586,-0.001559496
192.168.0.2,30:52.8,0,1.336574554,2.254881859,3.920555115,0.028382862,0.001685791
192.168.0.5,30:59.9,100,999999999,0,0,0,0
192.168.0.1,31:41.9,0,2.092123032,5.279889107,57.8558445,0.012121467,-4.14E-05
192.168.0.6,32:31.1,0,15.30766487,67.78529167,120.8798885,0.000944158,0.007779379
192.168.0.2,35:52.8,0,1.725435257,2.225346565,5.17821312,0.028759565,0.001730547
192.168.0.1,36:41.9,0,1.970052719,3.085689545,14.16349411,0.020740907,0.002132978
192.168.0.6,37:31.0,0,17.21668243,68.06893349,117.3834801,0.000940223,0.003729019
192.168.0.2,40:53.2,0,1.571178436,2.291712761,4.891872406,0.027926711,0.001975384
192.168.0.1,41:42.3,0,2.083778381,4.481573105,45.8881855,0.0142807,0.00473773
192.168.0.6,42:31.4,0,17.32969284,84.33395386,779.5212269,0.000758888,0.023516693
192.168.0.2,45:53.1,0,1.720905304,2.635955811,18.28169823,0.024279618,0.000554304
192.168.0.1,46:42.1,0,2.097606659,2.967600822,7.279872894,0.021566243,0.002204275
192.168.0.6,47:31.3,0,15.74254036,68.23265553,150.0008106,0.000937967,-0.000161381
192.168.0.2,50:53.0,0,1.758098602,2.27107048,4.373788834,0.028180543,0.001727791
192.168.0.1,51:42.1,0,2.174854279,3.28499794,14.36448097,0.019482508,0.00197588
192.168.0.6,52:31.2,0,15.67053795,65.98675251,117.6764965,0.000969892,0.003315372
192.168.0.2,55:52.9,0,1.790046692,2.949342728,41.98861122,0.02169975,0.003122311
192.168.0.1,56:42.0,0,1.659154892,23.13459396,1013.654232,0.00276642,0.042319403
192.168.0.6,57:31.2,0,18.8293457,84.20146942,708.1694603,0.000760082,-0.020990791
192.168.0.2,00:52.9,0,1.780033112,2.368049622,6.933689117,0.027026461,0.001265287
192.168.0.1,01:41.9,0,2.131700516,4.859867096,55.83763123,0.013169084,-0.00142931
192.168.0.6,02:31.1,0,16.48831367,66.88612461,115.5791283,0.00095685,0.002528505
192.168.0.2,05:52.8,0,1.759767532,2.370018959,5.717754364,0.027004003,0.00166708
192.168.0.1,06:41.9,0,2.079725266,3.637161255,32.69863129,0.01759614,0.001954794
192.168.0.6,07:32.6,0,15.38705826,115.1764393,2517.059565,0.000555669,0.099522285
192.168.0.2,10:52.7,0,1.676559448,2.469992638,6.405830383,0.025911008,0.001949377
192.168.0.1,11:41.8,0,2.127885818,3.597445488,15.68603516,0.017790402,0.00046279
192.168.0.6,12:31.0,0,16.3230896,66.34485245,115.2360439,0.000964657,-0.001570377
192.168.0.6,15:52.7,0,16.70670509,72.52985001,424.9603748,0.000882395,-0.012777929
192.168.0.6,20:57.5,0,18.67198944,135.2151108,3003.388166,0.00047332,0.106005239
192.168.0.2,25:53.2,0,1.747131348,3.506293297,54.71563339,0.018252894,0.00343133
192.168.0.1,26:42.3,0,2.117156982,3.763327599,20.52354813,0.017006226,0.003377314
192.168.0.6,27:31.5,0,11.79718971,64.54710484,207.2453499,0.000991524,-0.009047089
192.168.0.2,30:53.2,0,1.738071442,2.778296471,11.10625267,0.023035699,0.000957594
192.168.0.1,31:42.2,0,2.147912979,3.446164131,20.90334892,0.018571373,0.001607533
192.168.0.6,32:31.4,0,16.1318779,65.41823387,114.2897606,0.000978321,-0.000621328
192.168.0.2,35:53.1,0,1.374959946,2.267432213,4.997253418,0.028225761,0.002022839
192.168.0.1,36:42.2,0,2.102136612,3.130946159,13.80372047,0.020441105,0.002332668
192.168.0.6,37:31.3,0,16.8607235,65.38382053,117.5820827,0.000978835,-0.000333347
192.168.0.1,40:53.5,0,2.054452896,3.421530724,21.78215981,0.018705078,-0.000234566
192.168.0.2,41:42.6,0,1.592874527,2.412462234,16.59846306,0.026528913,0.001121235
192.168.0.6,42:36.4,0,15.7327652,126.1819935,3003.388882,0.000507204,0.121948824
192.168.0.1,45:53.1,0,2.135038376,4.042220116,24.5885849,0.015832883,-0.000148458
192.168.0.2,46:42.2,0,1.677274704,2.314105034,6.681442261,0.02765648,0.002127705
192.168.0.6,47:31.3,0,15.14577866,66.12576962,130.3079128,0.000967853,-0.000701218
192.168.0.2,50:53.0,0,1.400232315,2.465443611,11.46912575,0.025958817,0.001847887
192.168.0.1,51:42.1,0,2.11596489,4.893379211,112.8852367,0.013078896,0.005921059
192.168.0.6,52:31.8,0,16.0548687,96.9310236,1594.026566,0.000660263,-0.037925177
192.168.0.2,55:53.0,0,1.580238342,2.946505547,24.44028854,0.021720645,0.002361269
192.168.0.1,56:42.1,0,1.974105835,2.90538311,15.39540291,0.022028076,0.002127333
192.168.0.6,57:33.5,0,14.37711716,162.5074482,3003.38912,0.000393828,-0.031033335
192.168.0.6,00:53.3,0,16.36981964,66.01118088,114.8173809,0.000969533,0.003467159
192.168.0.2,05:53.0,0,1.750707626,2.231411934,9.082794189,0.028681392,0.001712093
192.168.0.1,06:42.1,0,2.089738846,23.33990097,1008.616924,0.002742085,0.042568636
192.168.0.2,10:53.5,0,1.487731934,2.381701469,5.454778671,0.026871546,0.00177743
192.168.0.1,11:42.6,0,1.912355423,3.58353138,20.30873299,0.017859478,0.000596733
192.168.0.6,12:33.7,0,16.19768143,138.0263948,2997.671366,0.000463679,0.098881292
192.168.0.2,15:53.4,0,1.539230347,2.836146355,24.92523193,0.022565831,0.000751524
192.168.0.5,16:00.4,100,999999999,0,0,0,0
192.168.0.1,16:42.5,0,1.842260361,3.047356606,14.36853409,0.021001809,0.002401028
192.168.0.6,16:51.6,0,18.13983917,160.7845926,2031.962395,0.000398048,-0.000984087
192.168.0.6,17:31.6,0,10.02788544,78.67445469,392.062664,0.000813479,-0.021179552
192.168.0.2,20:53.6,0,1.735448837,2.50287056,5.856752396,0.025570639,0.001665468
192.168.0.1,21:42.7,0,1.835823059,22.86148071,1005.047321,0.002799469,-0.038496656
192.168.0.6,22:31.8,0,16.61705971,67.61976719,116.0845757,0.000946469,0.00025629
192.168.0.2,25:53.6,0,1.688718796,2.953205109,31.33130074,0.02167137,0.001205349
192.168.0.1,26:42.7,0,1.838445663,4.31684494,51.68747902,0.014825643,0.004616108
192.168.0.6,27:32.4,0,18.50557327,98.79010201,1565.806389,0.000647838,-0.034337177
192.168.0.2,30:53.1,0,1.72996521,2.26272583,6.92653656,0.02828447,0.001892881
192.168.0.1,31:42.2,0,1.720428467,9.591603279,313.8365746,0.006672503,-0.010192652
192.168.0.6,32:35.9,0,17.8258419,172.375989,3003.389835,0.000371281,0.219026375
192.168.0.2,35:53.6,0,1.710653305,3.057560921,42.57059097,0.020931717,9.36E-05
192.168.0.1,36:42.7,0,2.104759216,4.243927002,21.27337456,0.015080372,0.001562166
192.168.0.6,37:43.8,0,13.26298714,134.0487623,3003.38006,0.000477438,0.339053478
192.168.0.2,40:53.1,0,1.728773117,2.421112061,7.129430771,0.026434134,0.002042627
192.168.0.1,41:42.2,0,2.104282379,3.991417885,55.45020103,0.016034402,-0.000518446
192.168.0.6,42:31.4,0,17.03214645,66.55736446,116.7545319,0.000961577,0.003787746
192.168.0.1,45:53.1,0,2.03371048,3.231525421,30.36046028,0.019804888,0.002821035
192.168.0.2,46:42.2,0,1.405477524,2.273402214,6.188631058,0.02815164,0.001925869
192.168.0.6,47:31.3,0,15.82312584,67.31514931,158.0824852,0.000950752,-0.004817123
192.168.0.2,50:53.0,0,1.451253891,2.150478363,4.442453384,0.02976082,0.001661997
192.168.0.1,51:42.1,0,2.13265419,4.915928841,106.4062119,0.013018903,0.005434093
192.168.0.6,52:31.2,0,16.28446579,67.86464214,117.3129082,0.000943054,-0.001244802
192.168.0.2,55:52.9,0,1.689195633,2.763404846,27.13632584,0.023159835,0.002979164
192.168.0.6,56:44.5,0,20.76148987,128.5543442,3003.468037,0.000497844,-0.020182772
192.168.0.2,00:53.2,0,1.751661301,2.565307617,9.93847847,0.024948275,0.002020807
192.168.0.1,01:42.3,0,1.723527908,4.037265778,30.61366081,0.015852313,0.00284544
192.168.0.6,02:31.4,0,18.94283295,67.74667263,117.565155,0.000944696,0.003522339
192.168.0.2,05:53.1,0,1.363277435,2.607898712,13.09370995,0.02454083,0.001878796
192.168.0.1,06:42.2,0,2.147912979,2.983341217,13.74268532,0.021452457,0.000979261
192.168.0.6,07:31.3,0,18.93973351,72.61232853,217.9415226,0.000881393,-0.0106217
192.168.0.2,10:53.5,0,1.444339752,2.956385612,19.51408386,0.021648056,0.002089357
192.168.0.1,11:42.6,0,1.785516739,4.840421677,65.29188156,0.013221989,0.003196249
192.168.0.6,12:40.5,0,15.40112495,250.6135416,3003.387928,0.000255373,0.254909353
192.168.0.2,15:53.2,0,1.704216003,3.540740013,53.41434479,0.018075318,-0.000813246
192.168.0.1,16:42.3,0,2.004146576,3.939380646,27.156353,0.016246209,0.002063093
192.168.0.6,17:37.6,0,15.64598083,165.8974123,3003.388643,0.000385781,0.045320511
192.168.0.2,20:53.2,0,1.322984695,2.272348404,5.962848663,0.028164695,0.001639061
192.168.0.1,21:42.3,0,2.032518387,3.266334534,26.81398392,0.019593829,0.002376108
192.168.0.6,22:31.4,0,16.88528061,80.4609251,759.8936558,0.000795417,-0.025101128
192.168.0.2,30:52.7,0,1.688241959,2.330560684,5.887508392,0.027461203,0.001603746
192.168.0.1,31:41.8,0,2.078771591,7.749276161,113.7547493,0.008258836,0.011194944
192.168.0.6,32:31.0,0,18.34964752,71.32299423,253.2331944,0.000897326,0.011620655
192.168.0.1,35:52.7,0,1.917600632,3.785347939,37.25218773,0.016907297,0.001005249
192.168.0.6,36:41.9,0,15.31386375,86.55765057,993.7844276,0.000739392,0.044653864
192.168.0.4,37:31.1,0,2.979040146,83.11687946,300.3370762,0.00077,-0.025023489
192.168.0.6,40:53.3,0,16.69955254,67.82435417,118.5913086,0.000943614,0.008658037
192.168.0.2,45:53.0,0,1.714944839,3.06391716,37.78409958,0.020888293,0.003444948
192.168.0.1,46:42.1,0,1.998662949,15.89742184,206.6197395,0.00402581,-0.010996838
192.168.0.4,47:44.0,0,3.054857254,531.7351675,3003.390312,0.000120361,0.306873503
192.168.0.2,50:53.0,0,1.490116119,2.491326332,8.368253708,0.025689128,0.002101889
192.168.0.1,51:42.1,0,2.091646194,3.523273468,28.8040638,0.018164925,0.000743818
192.168.0.6,52:34.6,0,17.73548126,146.5410089,3003.388643,0.000436738,0.054588289
192.168.0.1,55:52.9,0,2.005338669,8.021287918,123.7545013,0.007978769,0.000215836
192.168.0.2,56:42.0,0,1.721143723,2.209610939,4.070043564,0.028964375,0.001854162
192.168.0.6,57:31.2,0,16.62397385,76.60688877,485.0757122,0.000835434,0.015944662
192.168.0.2,00:52.7,0,1.695156097,3.912014961,40.56596756,0.016359856,0.001758547
192.168.0.1,01:41.8,0,1.939535141,6.255817413,109.8163128,0.010230478,-0.004392633
192.168.0.6,02:30.9,0,15.86532593,66.23758316,119.9624538,0.000966219,-0.004927025
192.168.0.4,03:20.1,0,2.772808075,68.79878521,142.0450211,0.000930249,0.000756731
192.168.0.2,05:52.8,0,1.686096191,2.636418343,17.96531677,0.024275358,0.002597818
192.168.0.1,06:41.9,0,2.101898193,6.111593246,106.896162,0.010471901,-0.004628029
192.168.0.2,10:53.3,0,1.446008682,2.326307297,6.025791168,0.027511413,0.00200222
192.168.0.1,11:42.3,0,1.852273941,4.069905281,24.5475769,0.015725182,0.002705574
192.168.0.6,12:32.0,0,19.61898804,98.98799419,1519.6805,0.000646543,0.059790268
192.168.0.5,13:21.1,0,2.613306046,53.02909374,139.6536827,0.001206885,-0.014079447
192.168.0.2,15:52.8,0,1.713037491,2.058329582,5.235671997,0.031093174,0.001753082
192.168.0.1,16:41.9,0,1.864433289,5.524406433,84.35344696,0.011584955,0.005226622
192.168.0.6,17:31.0,0,16.26706123,66.32482529,117.5661087,0.000964948,0.003252439
192.168.0.5,18:20.1,0,2.550125122,57.4814558,139.125824,0.001113403,-0.001113358
192.168.0.2,20:52.8,0,1.694917679,2.761859894,20.008564,0.02317279,0.001301279
192.168.0.1,21:41.9,0,2.148628235,8.450889587,120.6035614,0.007573167,-0.00812664
192.168.0.6,22:31.1,0,16.57223701,89.05545712,1166.700125,0.000718653,-0.04166399
192.168.0.5,23:20.3,0,2.553701401,57.72019863,140.9883499,0.001108797,-0.00391613
192.168.0.2,25:53.0,0,1.710891724,2.24603653,4.960536957,0.028494639,0.001980381
192.168.0.1,26:42.1,0,2.117156982,6.753730774,118.8793182,0.009476244,-0.005825415
192.168.0.1,30:53.0,0,1.979351044,5.257115364,93.46556664,0.012173977,0.006685886
192.168.0.2,31:42.1,0,1.462697983,4.443702698,65.14286995,0.014402404,-0.002669144
192.168.0.4,32:31.3,0,2.791166306,79.81541157,144.5372105,0.00080185,-0.008557835
192.168.0.6,33:22.6,0,2.682447433,119.6937704,3003.464699,0.000534698,0.125886717
192.168.0.5,34:11.8,0,2.600431442,44.08526897,136.8839741,0.001451732,0.00291791
192.168.0.2,40:53.5,0,1.722812653,2.605772018,8.741140366,0.024560859,0.001939964
192.168.0.1,41:42.6,0,2.135276794,8.783450127,113.4040356,0.007286431,0.005337534
192.168.0.2,45:53.6,0,1.731395721,6.273117065,98.6726284,0.010202265,-0.005344582
192.168.0.1,46:42.7,0,2.037286758,7.398056984,116.8997288,0.00865092,-0.003913412
192.168.0.6,47:31.8,0,13.84711266,72.32386112,158.2789421,0.000884909,-0.002305679
192.168.0.5,48:21.0,0,2.751111984,68.58126163,160.0039005,0.0009332,-0.004948053
192.168.0.2,50:52.7,0,1.633644104,2.289557457,12.08806038,0.027953,0.001235762
192.168.0.1,51:41.8,0,2.064704895,5.239391327,81.69937134,0.012215159,0.006628332
192.168.0.5,52:31.0,0,2.887487411,73.55729103,140.7270432,0.00087007,0.014160337
192.168.0.2,55:52.7,0,1.674890518,3.10324192,42.50121117,0.020623594,0.003221054
192.168.0.1,56:41.7,0,2.100944519,5.04825592,112.7300262,0.012677646,0.006619167
192.168.0.2,00:52.7,0,1.67131424,2.275528908,5.408763885,0.028125329,0.001871939
192.168.0.1,01:41.8,0,1.880168915,5.217008591,114.7665977,0.012267567,-0.002102823
192.168.0.5,02:30.9,0,42.81640053,91.88995361,140.9068108,0.000696485,-0.000146704
192.168.0.2,05:52.6,0,1.543998718,2.551679611,20.81108093,0.025081519,0.00242981
192.168.0.1,06:41.7,0,2.115726471,11.09332561,167.0875549,0.005769235,0.001223602
192.168.0.5,07:30.8,0,2.828836441,55.97742558,184.7114563,0.001143318,-0.005877533
192.168.0.2,10:52.9,0,1.697540283,3.028492928,26.96108818,0.021132623,0.002302942
192.168.0.1,11:42.0,0,2.112150192,3.991837502,68.69220734,0.016032717,-0.001387873
192.168.0.6,12:31.3,0,15.78736305,96.66443348,1114.658594,0.000662084,0.060867147
192.168.0.5,13:20.5,0,2.58398056,66.92320347,139.4314766,0.00095632,-0.003342981
192.168.0.2,15:53.2,0,1.521348953,3.24139595,60.17780304,0.019744579,-0.000501175
192.168.0.1,16:42.3,0,2.151012421,5.346226692,105.730772,0.01197106,-0.002832222
192.168.0.6,17:31.4,0,15.11764526,65.59490681,119.0874577,0.000975686,0.007355595
192.168.0.5,18:20.5,0,2.486944199,20.95601082,129.0373802,0.003054016,-0.008818216
192.168.0.2,20:53.3,0,1.532316208,5.28635025,73.64082336,0.012106651,1.90E-05
192.168.0.1,21:42.4,0,1.844406128,7.186117172,128.2486916,0.008906061,-0.005848093
192.168.0.6,22:31.6,0,17.21668243,65.8736515,116.7440414,0.000971557,0.003909397
192.168.0.5,23:20.7,0,43.32065582,95.07050514,143.7988281,0.000673185,0.004760818
192.168.0.2,25:53.4,0,1.077651978,4.091181755,93.0378437,0.015643402,-0.001778297
192.168.0.1,26:42.5,0,2.105474472,5.933856964,77.78382301,0.010785565,0.000979042
192.168.0.2,30:53.4,0,1.670122147,4.436039925,104.4273376,0.014427282,-0.002563992
192.168.0.2,35:53.5,0,1.628875732,4.383411407,79.3569088,0.0146005,-0.000629807
192.168.0.1,36:42.5,0,2.11763382,6.091685295,112.7631664,0.010506124,0.008119383
192.168.0.6,37:31.7,0,15.6006813,71.22579575,132.2994232,0.000898551,-0.008121052
192.168.0.2,40:52.7,0,1.701593399,2.741961479,23.15115929,0.023340955,0.000692015
192.168.0.1,41:41.7,0,2.118587494,5.60218811,89.61725235,0.011424108,0.001140747
192.168.0.6,42:30.9,0,15.85531235,64.85501289,113.7471199,0.000986817,0.003798065
192.168.0.5,43:20.0,0,2.503871918,53.24679375,138.2772923,0.00120195,-0.013125944
192.168.0.4,44:09.1,0,44.98767853,96.29497528,167.3974991,0.000664625,-0.004209585
192.168.0.2,45:52.8,0,1.652956009,2.208151817,4.676580429,0.028983514,0.001829567
192.168.0.1,46:41.9,0,2.103567123,4.425740242,66.78175926,0.014460858,-0.001108246
192.168.0.6,47:31.0,0,17.95220375,66.16321564,116.0304546,0.000967305,-0.000341988
192.168.0.2,50:52.8,0,1.656770706,2.050452232,5.093336105,0.031212627,0.001708622
192.168.0.1,51:41.9,0,2.08568573,6.554803848,98.17194939,0.009763831,-0.006317844
192.168.0.6,52:31.1,0,17.37880707,85.49347878,1029.123068,0.000748595,-0.033376083
192.168.0.2,55:52.8,0,1.352548599,4.715681076,33.74528885,0.013571741,0.000165672
192.168.0.1,56:41.9,0,2.110242844,11.83207989,176.4092445,0.005409024,-0.009877262
192.168.0.4,57:31.0,0,17.28415489,154.7873592,444.9586868,0.00041347,0.021984901
192.168.0.6,58:20.1,0,15.21921158,64.71596718,115.5593395,0.000988937,-0.000571833
192.168.0.2,00:53.5,0,1.678228378,3.231682777,13.75174522,0.019803924,0.001812334
192.168.0.1,01:42.6,0,2.04706192,5.357918739,83.15682411,0.011944937,0.000375872
192.168.0.6,02:31.7,0,16.68477058,82.94583321,653.1555653,0.000771588,-0.028951569
192.168.0.2,05:53.6,0,1.710891724,6.119527817,48.28119278,0.010458323,0.000598516
192.168.0.1,06:42.6,0,1.479625702,7.084589005,118.7939644,0.009033693,0.010713253
192.168.0.6,07:31.8,0,17.70424843,67.07429409,116.1165237,0.000954166,0.002909489
192.168.0.5,08:20.9,0,2.743005753,77.51348972,141.8395042,0.000825663,-0.004256248
192.168.0.2,10:53.1,0,1.5437603,2.255425453,6.370067596,0.028376021,0.001662111
192.168.0.1,11:42.2,0,2.084732056,6.951313019,123.0278015,0.009206894,-0.004877558
192.168.0.6,12:31.3,0,17.30871201,67.15013504,119.3315983,0.000953088,2.81E-05
192.168.0.5,13:20.5,0,2.696990967,85.10399818,140.267849,0.000752021,-0.005994387
192.168.0.2,15:53.2,0,1.737356186,3.738379478,56.7612648,0.017119717,-0.000463686
192.168.0.1,16:42.2,0,2.12264061,5.561108589,91.61710739,0.011508497,-0.002857504
192.168.0.6,17:31.4,0,18.17035675,70.34056664,163.4380817,0.000909859,-0.002465563
192.168.0.5,18:20.6,0,28.7733078,88.50617409,145.914793,0.000723113,0.00076395
192.168.0.2,20:53.3,0,1.713752747,3.033676147,15.31267166,0.021096517,0.00240365
192.168.0.1,21:42.4,0,2.066373825,8.615784645,123.3668327,0.007428227,-0.001503286
192.168.0.6,22:31.6,0,18.35083961,67.83602238,118.5307503,0.000943452,-0.000822115
192.168.0.3,24:09.4,100,999999999,0,0,0,0